ï»¿Uke,Ãr,Lokalitetsnummer,Lokalitetsnavn,Voksne hunnlus,Lus i bevegelige stadier,Fastsittende lus,Trolig uten fisk,Har telt lakselus,Kommunenummer,Kommune,Fylkesnummer,Fylke,Lat,Lon,Lusegrense uke,Over lusegrense uke,SjÃ¸temperatur,ProduksjonsomrÃ¥deId,ProduksjonsomrÃ¥de,year_download
52,2014,33077,Elveneset,,,,Ja,Nei,1413,HYLLESTAD,14,Sogn og Fjordane,61.206,5.131733,0.5,,,4,Nordhordaland til Stadt,2014
51,2014,33077,Elveneset,,,,Ja,Nei,1413,HYLLESTAD,14,Sogn og Fjordane,61.206,5.131733,0.5,,,4,Nordhordaland til Stadt,2014
50,2014,33077,Elveneset,,,,Ja,Nei,1413,HYLLESTAD,14,Sogn og Fjordane,61.206,5.131733,0.5,,,4,Nordhordaland til Stadt,2014
49,2014,33077,Elveneset,,,,Ja,Nei,1413,HYLLESTAD,14,Sogn og Fjordane,61.206,5.131733,0.5,,15.4,4,Nordhordaland til Stadt,2014
48,2014,33077,Elveneset,,,,Ja,Nei,1413,HYLLESTAD,14,Sogn og Fjordane,61.206,5.131733,0.5,,15.4,4,Nordhordaland til Stadt,2014
47,2014,33077,Elveneset,,,,Ja,Nei,1413,HYLLESTAD,14,Sogn og Fjordane,61.206,5.131733,0.5,,,4,Nordhordaland til Stadt,2014
46,2014,33077,Elveneset,,,,Ja,Nei,1413,HYLLESTAD,14,Sogn og Fjordane,61.206,5.131733,0.5,,,4,Nordhordaland til Stadt,2014
45,2014,33077,Elveneset,,,,Ja,Nei,1413,HYLLESTAD,14,Sogn og Fjordane,61.206,5.131733,0.5,,15.4,4,Nordhordaland til Stadt,2014
44,2014,33077,Elveneset,,,,Ja,Nei,1413,HYLLESTAD,14,Sogn og Fjordane,61.206,5.131733,0.5,,,4,Nordhordaland til Stadt,2014
43,2014,33077,Elveneset,,,,Ja,Nei,1413,HYLLESTAD,14,Sogn og Fjordane,61.206,5.131733,0.5,,15.4,4,Nordhordaland til Stadt,2014
42,2014,33077,Elveneset,,,,Ja,Nei,1413,HYLLESTAD,14,Sogn og Fjordane,61.206,5.131733,0.5,,,4,Nordhordaland til Stadt,2014
41,2014,33077,Elveneset,,,,Ja,Nei,1413,HYLLESTAD,14,Sogn og Fjordane,61.206,5.131733,0.5,,15.4,4,Nordhordaland til Stadt,2014
40,2014,33077,Elveneset,,,,Ja,Nei,1413,HYLLESTAD,14,Sogn og Fjordane,61.206,5.131733,0.5,,15.4,4,Nordhordaland til Stadt,2014
39,2014,33077,Elveneset,,,,Ja,Nei,1413,HYLLESTAD,14,Sogn og Fjordane,61.206,5.131733,0.5,,15.4,4,Nordhordaland til Stadt,2014
38,2014,33077,Elveneset,0.1,0.3,0.6,Nei,Ja,1413,HYLLESTAD,14,Sogn og Fjordane,61.206,5.131733,0.5,Nei,15.4,4,Nordhordaland til Stadt,2014
37,2014,33077,Elveneset,0.1,0.3,0.0,Nei,Ja,1413,HYLLESTAD,14,Sogn og Fjordane,61.206,5.131733,0.5,Nei,15.5,4,Nordhordaland til Stadt,2014
36,2014,33077,Elveneset,0.8,5.1,3.9,Nei,Ja,1413,HYLLESTAD,14,Sogn og Fjordane,61.206,5.131733,0.5,Ja,15.5,4,Nordhordaland til Stadt,2014
35,2014,33077,Elveneset,0.5,1.3,0.3,Nei,Ja,1413,HYLLESTAD,14,Sogn og Fjordane,61.206,5.131733,0.5,Ja,15.8,4,Nordhordaland til Stadt,2014
34,2014,33077,Elveneset,0.45,1.2,0.3,Nei,Ja,1413,HYLLESTAD,14,Sogn og Fjordane,61.206,5.131733,0.5,Nei,15.7,4,Nordhordaland til Stadt,2014
33,2014,33077,Elveneset,0.35,0.8,0.0,Nei,Ja,1413,HYLLESTAD,14,Sogn og Fjordane,61.206,5.131733,0.5,Nei,17.0,4,Nordhordaland til Stadt,2014
32,2014,33077,Elveneset,0.4,1.85,0.0,Nei,Ja,1413,HYLLESTAD,14,Sogn og Fjordane,61.206,5.131733,0.5,Nei,18.2,4,Nordhordaland til Stadt,2014
31,2014,33077,Elveneset,0.35,1.05,0.7,Nei,Ja,1413,HYLLESTAD,14,Sogn og Fjordane,61.206,5.131733,0.5,Nei,18.7,4,Nordhordaland til Stadt,2014
30,2014,33077,Elveneset,0.1,0.7,0.35,Nei,Ja,1413,HYLLESTAD,14,Sogn og Fjordane,61.206,5.131733,0.5,Nei,16.0,4,Nordhordaland til Stadt,2014
29,2014,33077,Elveneset,0.1,0.8,0.0,Nei,Ja,1413,HYLLESTAD,14,Sogn og Fjordane,61.206,5.131733,0.5,Nei,16.2,4,Nordhordaland til Stadt,2014
28,2014,33077,Elveneset,0.2,0.65,0.0,Nei,Ja,1413,HYLLESTAD,14,Sogn og Fjordane,61.206,5.131733,0.5,Nei,13.1,4,Nordhordaland til Stadt,2014
27,2014,33077,Elveneset,,,,Nei,Nei,1413,HYLLESTAD,14,Sogn og Fjordane,61.206,5.131733,0.5,,9.8,4,Nordhordaland til Stadt,2014
26,2014,33077,Elveneset,0.47,1.27,0.0,Nei,Ja,1413,HYLLESTAD,14,Sogn og Fjordane,61.206,5.131733,0.5,Nei,10.3,4,Nordhordaland til Stadt,2014
25,2014,33077,Elveneset,0.23,0.8,0.0,Nei,Ja,1413,HYLLESTAD,14,Sogn og Fjordane,61.206,5.131733,0.5,Nei,9.7,4,Nordhordaland til Stadt,2014
24,2014,33077,Elveneset,0.2,0.87,0.0,Nei,Ja,1413,HYLLESTAD,14,Sogn og Fjordane,61.206,5.131733,0.5,Nei,13.6,4,Nordhordaland til Stadt,2014
23,2014,33077,Elveneset,0.07,0.4,0.9,Nei,Ja,1413,HYLLESTAD,14,Sogn og Fjordane,61.206,5.131733,0.5,Nei,9.6,4,Nordhordaland til Stadt,2014
22,2014,33077,Elveneset,0.08,0.15,1.4,Nei,Ja,1413,HYLLESTAD,14,Sogn og Fjordane,61.206,5.131733,0.5,Nei,9.6,4,Nordhordaland til Stadt,2014
21,2014,33077,Elveneset,0.05,0.55,0.23,Nei,Ja,1413,HYLLESTAD,14,Sogn og Fjordane,61.206,5.131733,0.5,Nei,10.6,4,Nordhordaland til Stadt,2014
20,2014,33077,Elveneset,0.02,0.32,0.0,Nei,Ja,1413,HYLLESTAD,14,Sogn og Fjordane,61.206,5.131733,0.5,Nei,8.5,4,Nordhordaland til Stadt,2014
19,2014,33077,Elveneset,0.46,3.22,2.42,Nei,Ja,1413,HYLLESTAD,14,Sogn og Fjordane,61.206,5.131733,0.5,Nei,8.0,4,Nordhordaland til Stadt,2014
18,2014,33077,Elveneset,0.4,2.9,1.55,Nei,Ja,1413,HYLLESTAD,14,Sogn og Fjordane,61.206,5.131733,0.5,Nei,6.8,4,Nordhordaland til Stadt,2014
17,2014,33077,Elveneset,0.25,3.7,2.45,Nei,Ja,1413,HYLLESTAD,14,Sogn og Fjordane,61.206,5.131733,0.5,Nei,8.0,4,Nordhordaland til Stadt,2014
16,2014,33077,Elveneset,,,,Nei,Nei,1413,HYLLESTAD,14,Sogn og Fjordane,61.206,5.131733,0.5,,6.0,4,Nordhordaland til Stadt,2014
15,2014,33077,Elveneset,0.1,0.95,1.05,Nei,Ja,1413,HYLLESTAD,14,Sogn og Fjordane,61.206,5.131733,0.5,Nei,6.1,4,Nordhordaland til Stadt,2014
14,2014,33077,Elveneset,0.0,0.7,1.0,Nei,Ja,1413,HYLLESTAD,14,Sogn og Fjordane,61.206,5.131733,0.5,Nei,5.5,4,Nordhordaland til Stadt,2014
13,2014,33077,Elveneset,0.0,0.35,1.05,Nei,Ja,1413,HYLLESTAD,14,Sogn og Fjordane,61.206,5.131733,0.5,Nei,5.2,4,Nordhordaland til Stadt,2014
12,2014,33077,Elveneset,0.0,0.4,0.25,Nei,Ja,1413,HYLLESTAD,14,Sogn og Fjordane,61.206,5.131733,0.5,Nei,5.0,4,Nordhordaland til Stadt,2014
11,2014,33077,Elveneset,0.0,1.7,1.7,Nei,Ja,1413,HYLLESTAD,14,Sogn og Fjordane,61.206,5.131733,0.5,Nei,5.1,4,Nordhordaland til Stadt,2014
10,2014,33077,Elveneset,0.0,1.25,2.0,Nei,Ja,1413,HYLLESTAD,14,Sogn og Fjordane,61.206,5.131733,0.5,Nei,5.2,4,Nordhordaland til Stadt,2014
9,2014,33077,Elveneset,0.0,0.35,2.05,Nei,Ja,1413,HYLLESTAD,14,Sogn og Fjordane,61.206,5.131733,0.5,Nei,5.2,4,Nordhordaland til Stadt,2014
8,2014,33077,Elveneset,0.0,0.15,3.25,Nei,Ja,1413,HYLLESTAD,14,Sogn og Fjordane,61.206,5.131733,0.5,Nei,6.1,4,Nordhordaland til Stadt,2014
7,2014,33077,Elveneset,0.0,0.0,2.15,Nei,Ja,1413,HYLLESTAD,14,Sogn og Fjordane,61.206,5.131733,0.5,Nei,6.1,4,Nordhordaland til Stadt,2014
6,2014,33077,Elveneset,0.0,0.0,0.0,Nei,Ja,1413,HYLLESTAD,14,Sogn og Fjordane,61.206,5.131733,0.5,Nei,6.8,4,Nordhordaland til Stadt,2014
5,2014,33077,Elveneset,,,,Nei,Nei,1413,HYLLESTAD,14,Sogn og Fjordane,61.206,5.131733,0.5,,7.3,4,Nordhordaland til Stadt,2014
4,2014,33077,Elveneset,,,,Nei,Nei,1413,HYLLESTAD,14,Sogn og Fjordane,61.206,5.131733,0.5,,7.5,4,Nordhordaland til Stadt,2014
3,2014,33077,Elveneset,0.46,1.88,0.88,Nei,Ja,1413,HYLLESTAD,14,Sogn og Fjordane,61.206,5.131733,0.5,Nei,7.5,4,Nordhordaland til Stadt,2014
2,2014,33077,Elveneset,0.35,1.1,1.3,Nei,Ja,1413,HYLLESTAD,14,Sogn og Fjordane,61.206,5.131733,0.5,Nei,7.0,4,Nordhordaland til Stadt,2014
1,2014,33077,Elveneset,0.3,0.85,0.95,Nei,Ja,1413,HYLLESTAD,14,Sogn og Fjordane,61.206,5.131733,0.5,Nei,7.1,4,Nordhordaland til Stadt,2014
52,2015,33077,Elveneset,0.0,0.45,1.2,Nei,Ja,1413,HYLLESTAD,14,Sogn og Fjordane,61.206,5.131733,0.5,Nei,8.8,4,Nordhordaland til Stadt,2015
51,2015,33077,Elveneset,0.0,0.3,1.2,Nei,Ja,1413,HYLLESTAD,14,Sogn og Fjordane,61.206,5.131733,0.5,Nei,8.8,4,Nordhordaland til Stadt,2015
50,2015,33077,Elveneset,0.0,0.15,0.15,Nei,Ja,1413,HYLLESTAD,14,Sogn og Fjordane,61.206,5.131733,0.5,Nei,9.4,4,Nordhordaland til Stadt,2015
49,2015,33077,Elveneset,0.05,0.1,0.05,Nei,Ja,1413,HYLLESTAD,14,Sogn og Fjordane,61.206,5.131733,0.5,Nei,10.0,4,Nordhordaland til Stadt,2015
48,2015,33077,Elveneset,0.0,0.15,0.0,Nei,Ja,1413,HYLLESTAD,14,Sogn og Fjordane,61.206,5.131733,0.5,Nei,10.9,4,Nordhordaland til Stadt,2015
47,2015,33077,Elveneset,0.4,1.7,0.85,Nei,Ja,1413,HYLLESTAD,14,Sogn og Fjordane,61.206,5.131733,0.5,Nei,10.7,4,Nordhordaland til Stadt,2015
46,2015,33077,Elveneset,0.3,1.4,0.75,Nei,Ja,1413,HYLLESTAD,14,Sogn og Fjordane,61.206,5.131733,0.5,Nei,11.9,4,Nordhordaland til Stadt,2015
45,2015,33077,Elveneset,,,,Nei,Nei,1413,HYLLESTAD,14,Sogn og Fjordane,61.206,5.131733,0.5,,12.6,4,Nordhordaland til Stadt,2015
44,2015,33077,Elveneset,0.4,2.15,1.15,Nei,Ja,1413,HYLLESTAD,14,Sogn og Fjordane,61.206,5.131733,0.5,Nei,12.5,4,Nordhordaland til Stadt,2015
43,2015,33077,Elveneset,0.25,0.6,0.35,Nei,Ja,1413,HYLLESTAD,14,Sogn og Fjordane,61.206,5.131733,0.5,Nei,13.0,4,Nordhordaland til Stadt,2015
42,2015,33077,Elveneset,0.1,0.45,0.15,Nei,Ja,1413,HYLLESTAD,14,Sogn og Fjordane,61.206,5.131733,0.5,Nei,13.4,4,Nordhordaland til Stadt,2015
41,2015,33077,Elveneset,0.15,0.55,0.05,Nei,Ja,1413,HYLLESTAD,14,Sogn og Fjordane,61.206,5.131733,0.5,Nei,14.5,4,Nordhordaland til Stadt,2015
40,2015,33077,Elveneset,0.15,0.55,0.35,Nei,Ja,1413,HYLLESTAD,14,Sogn og Fjordane,61.206,5.131733,0.5,Nei,15.4,4,Nordhordaland til Stadt,2015
39,2015,33077,Elveneset,0.15,0.4,0.55,Nei,Ja,1413,HYLLESTAD,14,Sogn og Fjordane,61.206,5.131733,0.5,Nei,15.1,4,Nordhordaland til Stadt,2015
38,2015,33077,Elveneset,0.0,0.15,0.05,Nei,Ja,1413,HYLLESTAD,14,Sogn og Fjordane,61.206,5.131733,0.5,Nei,15.5,4,Nordhordaland til Stadt,2015
37,2015,33077,Elveneset,0.0,0.15,0.0,Nei,Ja,1413,HYLLESTAD,14,Sogn og Fjordane,61.206,5.131733,0.5,Nei,15.8,4,Nordhordaland til Stadt,2015
36,2015,33077,Elveneset,0.0,0.25,0.0,Nei,Ja,1413,HYLLESTAD,14,Sogn og Fjordane,61.206,5.131733,0.5,Nei,16.1,4,Nordhordaland til Stadt,2015
35,2015,33077,Elveneset,0.0,0.1,0.0,Nei,Ja,1413,HYLLESTAD,14,Sogn og Fjordane,61.206,5.131733,0.5,Nei,17.0,4,Nordhordaland til Stadt,2015
34,2015,33077,Elveneset,0.0,0.2,0.0,Nei,Ja,1413,HYLLESTAD,14,Sogn og Fjordane,61.206,5.131733,0.5,Nei,16.8,4,Nordhordaland til Stadt,2015
33,2015,33077,Elveneset,0.0,0.2,0.0,Nei,Ja,1413,HYLLESTAD,14,Sogn og Fjordane,61.206,5.131733,0.5,Nei,15.2,4,Nordhordaland til Stadt,2015
32,2015,33077,Elveneset,,,,Nei,Nei,1413,HYLLESTAD,14,Sogn og Fjordane,61.206,5.131733,0.5,,14.4,4,Nordhordaland til Stadt,2015
31,2015,33077,Elveneset,0.0,0.15,0.0,Nei,Ja,1413,HYLLESTAD,14,Sogn og Fjordane,61.206,5.131733,0.5,Nei,12.7,4,Nordhordaland til Stadt,2015
30,2015,33077,Elveneset,0.0,0.3,0.0,Nei,Ja,1413,HYLLESTAD,14,Sogn og Fjordane,61.206,5.131733,0.5,Nei,14.8,4,Nordhordaland til Stadt,2015
29,2015,33077,Elveneset,0.0,0.2,0.0,Nei,Ja,1413,HYLLESTAD,14,Sogn og Fjordane,61.206,5.131733,0.5,Nei,14.8,4,Nordhordaland til Stadt,2015
28,2015,33077,Elveneset,0.0,0.45,0.1,Nei,Ja,1413,HYLLESTAD,14,Sogn og Fjordane,61.206,5.131733,0.5,Nei,13.8,4,Nordhordaland til Stadt,2015
27,2015,33077,Elveneset,0.0,0.45,0.05,Nei,Ja,1413,HYLLESTAD,14,Sogn og Fjordane,61.206,5.131733,0.5,Nei,14.7,4,Nordhordaland til Stadt,2015
26,2015,33077,Elveneset,0.0,0.6,0.25,Nei,Ja,1413,HYLLESTAD,14,Sogn og Fjordane,61.206,5.131733,0.5,Nei,12.1,4,Nordhordaland til Stadt,2015
25,2015,33077,Elveneset,0.0,0.75,0.15,Nei,Ja,1413,HYLLESTAD,14,Sogn og Fjordane,61.206,5.131733,0.5,Nei,12.2,4,Nordhordaland til Stadt,2015
24,2015,33077,Elveneset,0.0,0.85,0.2,Nei,Ja,1413,HYLLESTAD,14,Sogn og Fjordane,61.206,5.131733,0.5,Nei,11.4,4,Nordhordaland til Stadt,2015
23,2015,33077,Elveneset,0.0,0.38,0.12,Nei,Ja,1413,HYLLESTAD,14,Sogn og Fjordane,61.206,5.131733,0.5,Nei,10.6,4,Nordhordaland til Stadt,2015
22,2015,33077,Elveneset,0.0,0.22,0.18,Nei,Ja,1413,HYLLESTAD,14,Sogn og Fjordane,61.206,5.131733,0.5,Nei,10.1,4,Nordhordaland til Stadt,2015
21,2015,33077,Elveneset,0.0,0.0,0.43,Nei,Ja,1413,HYLLESTAD,14,Sogn og Fjordane,61.206,5.131733,0.5,Nei,9.5,4,Nordhordaland til Stadt,2015
20,2015,33077,Elveneset,,,,Ja,Nei,1413,HYLLESTAD,14,Sogn og Fjordane,61.206,5.131733,0.5,,9.6,4,Nordhordaland til Stadt,2015
19,2015,33077,Elveneset,,,,Ja,Nei,1413,HYLLESTAD,14,Sogn og Fjordane,61.206,5.131733,0.5,,,4,Nordhordaland til Stadt,2015
18,2015,33077,Elveneset,,,,Ja,Nei,1413,HYLLESTAD,14,Sogn og Fjordane,61.206,5.131733,0.5,,,4,Nordhordaland til Stadt,2015
17,2015,33077,Elveneset,,,,Ja,Nei,1413,HYLLESTAD,14,Sogn og Fjordane,61.206,5.131733,0.5,,,4,Nordhordaland til Stadt,2015
16,2015,33077,Elveneset,,,,Ja,Nei,1413,HYLLESTAD,14,Sogn og Fjordane,61.206,5.131733,0.5,,,4,Nordhordaland til Stadt,2015
15,2015,33077,Elveneset,,,,Ja,Nei,1413,HYLLESTAD,14,Sogn og Fjordane,61.206,5.131733,0.5,,,4,Nordhordaland til Stadt,2015
14,2015,33077,Elveneset,,,,Ja,Nei,1413,HYLLESTAD,14,Sogn og Fjordane,61.206,5.131733,0.5,,,4,Nordhordaland til Stadt,2015
13,2015,33077,Elveneset,,,,Ja,Nei,1413,HYLLESTAD,14,Sogn og Fjordane,61.206,5.131733,0.5,,,4,Nordhordaland til Stadt,2015
12,2015,33077,Elveneset,,,,Ja,Nei,1413,HYLLESTAD,14,Sogn og Fjordane,61.206,5.131733,0.5,,,4,Nordhordaland til Stadt,2015
11,2015,33077,Elveneset,,,,Ja,Nei,1413,HYLLESTAD,14,Sogn og Fjordane,61.206,5.131733,0.5,,,4,Nordhordaland til Stadt,2015
10,2015,33077,Elveneset,,,,Ja,Nei,1413,HYLLESTAD,14,Sogn og Fjordane,61.206,5.131733,0.5,,,4,Nordhordaland til Stadt,2015
9,2015,33077,Elveneset,,,,Ja,Nei,1413,HYLLESTAD,14,Sogn og Fjordane,61.206,5.131733,0.5,,,4,Nordhordaland til Stadt,2015
8,2015,33077,Elveneset,,,,Ja,Nei,1413,HYLLESTAD,14,Sogn og Fjordane,61.206,5.131733,0.5,,,4,Nordhordaland til Stadt,2015
7,2015,33077,Elveneset,,,,Ja,Nei,1413,HYLLESTAD,14,Sogn og Fjordane,61.206,5.131733,0.5,,,4,Nordhordaland til Stadt,2015
6,2015,33077,Elveneset,,,,Ja,Nei,1413,HYLLESTAD,14,Sogn og Fjordane,61.206,5.131733,0.5,,,4,Nordhordaland til Stadt,2015
5,2015,33077,Elveneset,,,,Ja,Nei,1413,HYLLESTAD,14,Sogn og Fjordane,61.206,5.131733,0.5,,,4,Nordhordaland til Stadt,2015
4,2015,33077,Elveneset,,,,Ja,Nei,1413,HYLLESTAD,14,Sogn og Fjordane,61.206,5.131733,0.5,,,4,Nordhordaland til Stadt,2015
3,2015,33077,Elveneset,,,,Ja,Nei,1413,HYLLESTAD,14,Sogn og Fjordane,61.206,5.131733,0.5,,,4,Nordhordaland til Stadt,2015
2,2015,33077,Elveneset,,,,Ja,Nei,1413,HYLLESTAD,14,Sogn og Fjordane,61.206,5.131733,0.5,,,4,Nordhordaland til Stadt,2015
1,2015,33077,Elveneset,,,,Ja,Nei,1413,HYLLESTAD,14,Sogn og Fjordane,61.206,5.131733,0.5,,,4,Nordhordaland til Stadt,2015
52,2016,33077,Elveneset,,,,Ja,Nei,1413,HYLLESTAD,14,Sogn og Fjordane,61.206,5.131733,0.5,,0.0,4,Nordhordaland til Stadt,2016
51,2016,33077,Elveneset,,,,Ja,Nei,1413,HYLLESTAD,14,Sogn og Fjordane,61.206,5.131733,0.5,,0.0,4,Nordhordaland til Stadt,2016
50,2016,33077,Elveneset,,,,Ja,Nei,1413,HYLLESTAD,14,Sogn og Fjordane,61.206,5.131733,0.5,,0.0,4,Nordhordaland til Stadt,2016
49,2016,33077,Elveneset,,,,Ja,Nei,1413,HYLLESTAD,14,Sogn og Fjordane,61.206,5.131733,0.5,,0.0,4,Nordhordaland til Stadt,2016
48,2016,33077,Elveneset,,,,Ja,Nei,1413,HYLLESTAD,14,Sogn og Fjordane,61.206,5.131733,0.5,,0.0,4,Nordhordaland til Stadt,2016
47,2016,33077,Elveneset,,,,Ja,Nei,1413,HYLLESTAD,14,Sogn og Fjordane,61.206,5.131733,0.5,,0.0,4,Nordhordaland til Stadt,2016
46,2016,33077,Elveneset,,,,Ja,Nei,1413,HYLLESTAD,14,Sogn og Fjordane,61.206,5.131733,0.5,,0.0,4,Nordhordaland til Stadt,2016
45,2016,33077,Elveneset,,,,Ja,Nei,1413,HYLLESTAD,14,Sogn og Fjordane,61.206,5.131733,0.5,,0.0,4,Nordhordaland til Stadt,2016
44,2016,33077,Elveneset,,,,Ja,Nei,1413,HYLLESTAD,14,Sogn og Fjordane,61.206,5.131733,0.5,,0.0,4,Nordhordaland til Stadt,2016
43,2016,33077,Elveneset,0.3,1.4,1.2,Nei,Ja,1413,HYLLESTAD,14,Sogn og Fjordane,61.206,5.131733,0.5,Nei,0.2,4,Nordhordaland til Stadt,2016
42,2016,33077,Elveneset,0.15,1.45,0.55,Nei,Ja,1413,HYLLESTAD,14,Sogn og Fjordane,61.206,5.131733,0.5,Nei,8.6,4,Nordhordaland til Stadt,2016
41,2016,33077,Elveneset,0.25,1.6,0.5,Nei,Ja,1413,HYLLESTAD,14,Sogn og Fjordane,61.206,5.131733,0.5,Nei,0.0,4,Nordhordaland til Stadt,2016
40,2016,33077,Elveneset,0.15,1.1,1.25,Nei,Ja,1413,HYLLESTAD,14,Sogn og Fjordane,61.206,5.131733,0.5,Nei,0.0,4,Nordhordaland til Stadt,2016
39,2016,33077,Elveneset,0.0,0.7,0.2,Nei,Ja,1413,HYLLESTAD,14,Sogn og Fjordane,61.206,5.131733,0.5,Nei,0.0,4,Nordhordaland til Stadt,2016
38,2016,33077,Elveneset,0.05,0.3,0.9,Nei,Ja,1413,HYLLESTAD,14,Sogn og Fjordane,61.206,5.131733,0.5,Nei,15.3,4,Nordhordaland til Stadt,2016
37,2016,33077,Elveneset,0.4,2.1,0.65,Nei,Ja,1413,HYLLESTAD,14,Sogn og Fjordane,61.206,5.131733,0.5,Nei,15.3,4,Nordhordaland til Stadt,2016
36,2016,33077,Elveneset,0.3,1.5,1.0,Nei,Ja,1413,HYLLESTAD,14,Sogn og Fjordane,61.206,5.131733,0.5,Nei,15.3,4,Nordhordaland til Stadt,2016
35,2016,33077,Elveneset,0.25,1.65,1.45,Nei,Ja,1413,HYLLESTAD,14,Sogn og Fjordane,61.206,5.131733,0.5,Nei,15.3,4,Nordhordaland til Stadt,2016
34,2016,33077,Elveneset,0.25,1.1,1.5,Nei,Ja,1413,HYLLESTAD,14,Sogn og Fjordane,61.206,5.131733,0.5,Nei,15.3,4,Nordhordaland til Stadt,2016
33,2016,33077,Elveneset,0.0,0.75,1.3,Nei,Ja,1413,HYLLESTAD,14,Sogn og Fjordane,61.206,5.131733,0.5,Nei,15.3,4,Nordhordaland til Stadt,2016
32,2016,33077,Elveneset,0.0,0.35,0.7,Nei,Ja,1413,HYLLESTAD,14,Sogn og Fjordane,61.206,5.131733,0.5,Nei,0.0,4,Nordhordaland til Stadt,2016
31,2016,33077,Elveneset,0.0,0.2,0.9,Nei,Ja,1413,HYLLESTAD,14,Sogn og Fjordane,61.206,5.131733,0.5,Nei,0.0,4,Nordhordaland til Stadt,2016
30,2016,33077,Elveneset,0.6,2.35,1.15,Nei,Ja,1413,HYLLESTAD,14,Sogn og Fjordane,61.206,5.131733,0.5,Ja,14.0,4,Nordhordaland til Stadt,2016
29,2016,33077,Elveneset,0.3,2.05,1.5,Nei,Ja,1413,HYLLESTAD,14,Sogn og Fjordane,61.206,5.131733,0.5,Nei,15.0,4,Nordhordaland til Stadt,2016
28,2016,33077,Elveneset,0.3,2.15,2.0,Nei,Ja,1413,HYLLESTAD,14,Sogn og Fjordane,61.206,5.131733,0.5,Nei,0.0,4,Nordhordaland til Stadt,2016
27,2016,33077,Elveneset,0.2,1.5,2.85,Nei,Ja,1413,HYLLESTAD,14,Sogn og Fjordane,61.206,5.131733,0.5,Nei,0.0,4,Nordhordaland til Stadt,2016
26,2016,33077,Elveneset,0.05,0.25,0.75,Nei,Ja,1413,HYLLESTAD,14,Sogn og Fjordane,61.206,5.131733,0.5,Nei,0.0,4,Nordhordaland til Stadt,2016
25,2016,33077,Elveneset,0.55,2.05,1.0,Nei,Ja,1413,HYLLESTAD,14,Sogn og Fjordane,61.206,5.131733,0.5,Ja,14.0,4,Nordhordaland til Stadt,2016
24,2016,33077,Elveneset,0.45,1.8,0.65,Nei,Ja,1413,HYLLESTAD,14,Sogn og Fjordane,61.206,5.131733,0.5,Nei,0.0,4,Nordhordaland til Stadt,2016
23,2016,33077,Elveneset,0.35,1.5,1.1,Nei,Ja,1413,HYLLESTAD,14,Sogn og Fjordane,61.206,5.131733,0.5,Nei,12.8,4,Nordhordaland til Stadt,2016
22,2016,33077,Elveneset,0.35,1.1,0.7,Nei,Ja,1413,HYLLESTAD,14,Sogn og Fjordane,61.206,5.131733,0.5,Nei,12.5,4,Nordhordaland til Stadt,2016
21,2016,33077,Elveneset,0.22,0.62,0.6,Nei,Ja,1413,HYLLESTAD,14,Sogn og Fjordane,61.206,5.131733,0.5,Nei,12.0,4,Nordhordaland til Stadt,2016
20,2016,33077,Elveneset,0.15,0.55,0.55,Nei,Ja,1413,HYLLESTAD,14,Sogn og Fjordane,61.206,5.131733,0.5,Nei,9.9,4,Nordhordaland til Stadt,2016
19,2016,33077,Elveneset,0.07,0.33,0.42,Nei,Ja,1413,HYLLESTAD,14,Sogn og Fjordane,61.206,5.131733,0.5,Nei,8.9,4,Nordhordaland til Stadt,2016
18,2016,33077,Elveneset,0.07,0.12,1.12,Nei,Ja,1413,HYLLESTAD,14,Sogn og Fjordane,61.206,5.131733,0.5,Nei,8.2,4,Nordhordaland til Stadt,2016
17,2016,33077,Elveneset,0.48,0.8,0.48,Nei,Ja,1413,HYLLESTAD,14,Sogn og Fjordane,61.206,5.131733,0.5,Nei,7.5,4,Nordhordaland til Stadt,2016
16,2016,33077,Elveneset,0.3,0.65,0.15,Nei,Ja,1413,HYLLESTAD,14,Sogn og Fjordane,61.206,5.131733,0.5,Nei,6.5,4,Nordhordaland til Stadt,2016
15,2016,33077,Elveneset,0.25,0.38,0.38,Nei,Ja,1413,HYLLESTAD,14,Sogn og Fjordane,61.206,5.131733,0.5,Nei,7.3,4,Nordhordaland til Stadt,2016
14,2016,33077,Elveneset,0.22,0.45,0.38,Nei,Ja,1413,HYLLESTAD,14,Sogn og Fjordane,61.206,5.131733,0.5,Nei,7.0,4,Nordhordaland til Stadt,2016
13,2016,33077,Elveneset,0.08,0.38,0.22,Nei,Ja,1413,HYLLESTAD,14,Sogn og Fjordane,61.206,5.131733,0.5,Nei,6.3,4,Nordhordaland til Stadt,2016
12,2016,33077,Elveneset,0.15,1.05,0.57,Nei,Ja,1413,HYLLESTAD,14,Sogn og Fjordane,61.206,5.131733,0.5,Nei,6.1,4,Nordhordaland til Stadt,2016
11,2016,33077,Elveneset,0.12,1.02,0.15,Nei,Ja,1413,HYLLESTAD,14,Sogn og Fjordane,61.206,5.131733,0.5,Nei,6.3,4,Nordhordaland til Stadt,2016
10,2016,33077,Elveneset,0.02,1.9,0.6,Nei,Ja,1413,HYLLESTAD,14,Sogn og Fjordane,61.206,5.131733,0.5,Nei,5.8,4,Nordhordaland til Stadt,2016
9,2016,33077,Elveneset,0.02,2.78,2.92,Nei,Ja,1413,HYLLESTAD,14,Sogn og Fjordane,61.206,5.131733,0.5,Nei,5.8,4,Nordhordaland til Stadt,2016
8,2016,33077,Elveneset,0.0,0.48,3.88,Nei,Ja,1413,HYLLESTAD,14,Sogn og Fjordane,61.206,5.131733,0.5,Nei,5.9,4,Nordhordaland til Stadt,2016
7,2016,33077,Elveneset,0.0,0.45,3.7,Nei,Ja,1413,HYLLESTAD,14,Sogn og Fjordane,61.206,5.131733,0.5,Nei,6.1,4,Nordhordaland til Stadt,2016
6,2016,33077,Elveneset,0.0,0.28,2.65,Nei,Ja,1413,HYLLESTAD,14,Sogn og Fjordane,61.206,5.131733,0.5,Nei,7.5,4,Nordhordaland til Stadt,2016
5,2016,33077,Elveneset,0.0,0.08,0.4,Nei,Ja,1413,HYLLESTAD,14,Sogn og Fjordane,61.206,5.131733,0.5,Nei,8.1,4,Nordhordaland til Stadt,2016
4,2016,33077,Elveneset,0.0,0.0,0.35,Nei,Ja,1413,HYLLESTAD,14,Sogn og Fjordane,61.206,5.131733,0.5,Nei,6.2,4,Nordhordaland til Stadt,2016
3,2016,33077,Elveneset,0.75,3.5,1.0,Nei,Ja,1413,HYLLESTAD,14,Sogn og Fjordane,61.206,5.131733,0.5,Ja,8.3,4,Nordhordaland til Stadt,2016
2,2016,33077,Elveneset,0.4,3.1,1.45,Nei,Ja,1413,HYLLESTAD,14,Sogn og Fjordane,61.206,5.131733,0.5,Nei,10.1,4,Nordhordaland til Stadt,2016
1,2016,33077,Elveneset,0.35,1.35,0.6,Nei,Ja,1413,HYLLESTAD,14,Sogn og Fjordane,61.206,5.131733,0.5,Nei,7.9,4,Nordhordaland til Stadt,2016
52,2017,33077,Elveneset,0.13,1.5,1.07,Nei,Ja,1413,HYLLESTAD,14,Sogn og Fjordane,61.206,5.131733,0.5,Nei,7.5,4,Nordhordaland til Stadt,2017
51,2017,33077,Elveneset,0.17,0.77,0.33,Nei,Ja,1413,HYLLESTAD,14,Sogn og Fjordane,61.206,5.131733,0.5,Nei,7.9,4,Nordhordaland til Stadt,2017
50,2017,33077,Elveneset,0.1,0.53,0.73,Nei,Ja,1413,HYLLESTAD,14,Sogn og Fjordane,61.206,5.131733,0.5,Nei,8.5,4,Nordhordaland til Stadt,2017
49,2017,33077,Elveneset,0.1,0.4,0.3,Nei,Ja,1413,HYLLESTAD,14,Sogn og Fjordane,61.206,5.131733,0.5,Nei,8.8,4,Nordhordaland til Stadt,2017
48,2017,33077,Elveneset,0.47,12.67,12.17,Nei,Ja,1413,HYLLESTAD,14,Sogn og Fjordane,61.206,5.131733,0.5,Nei,9.4,4,Nordhordaland til Stadt,2017
47,2017,33077,Elveneset,0.4,17.4,15.37,Nei,Ja,1413,HYLLESTAD,14,Sogn og Fjordane,61.206,5.131733,0.5,Nei,9.9,4,Nordhordaland til Stadt,2017
46,2017,33077,Elveneset,0.33,12.37,7.13,Nei,Ja,1413,HYLLESTAD,14,Sogn og Fjordane,61.206,5.131733,0.5,Nei,11.0,4,Nordhordaland til Stadt,2017
45,2017,33077,Elveneset,0.33,8.13,8.0,Nei,Ja,1413,HYLLESTAD,14,Sogn og Fjordane,61.206,5.131733,0.5,Nei,11.5,4,Nordhordaland til Stadt,2017
44,2017,33077,Elveneset,0.1,1.4,5.6,Nei,Ja,1413,HYLLESTAD,14,Sogn og Fjordane,61.206,5.131733,0.5,Nei,12.3,4,Nordhordaland til Stadt,2017
43,2017,33077,Elveneset,0.07,1.17,1.6,Nei,Ja,1413,HYLLESTAD,14,Sogn og Fjordane,61.206,5.131733,0.5,Nei,13.0,4,Nordhordaland til Stadt,2017
42,2017,33077,Elveneset,0.37,2.45,1.75,Nei,Ja,1413,HYLLESTAD,14,Sogn og Fjordane,61.206,5.131733,0.5,Nei,13.7,4,Nordhordaland til Stadt,2017
41,2017,33077,Elveneset,0.52,4.18,3.28,Nei,Ja,1413,HYLLESTAD,14,Sogn og Fjordane,61.206,5.131733,0.5,Ja,14.4,4,Nordhordaland til Stadt,2017
40,2017,33077,Elveneset,0.28,1.57,0.2,Nei,Ja,1413,HYLLESTAD,14,Sogn og Fjordane,61.206,5.131733,0.5,Nei,15.0,4,Nordhordaland til Stadt,2017
39,2017,33077,Elveneset,0.2,1.0,1.12,Nei,Ja,1413,HYLLESTAD,14,Sogn og Fjordane,61.206,5.131733,0.5,Nei,15.4,4,Nordhordaland til Stadt,2017
38,2017,33077,Elveneset,0.1,0.85,0.55,Nei,Ja,1413,HYLLESTAD,14,Sogn og Fjordane,61.206,5.131733,0.5,Nei,15.7,4,Nordhordaland til Stadt,2017
37,2017,33077,Elveneset,0.23,1.38,0.8,Nei,Ja,1413,HYLLESTAD,14,Sogn og Fjordane,61.206,5.131733,0.5,Nei,15.9,4,Nordhordaland til Stadt,2017
36,2017,33077,Elveneset,0.28,1.5,1.1,Nei,Ja,1413,HYLLESTAD,14,Sogn og Fjordane,61.206,5.131733,0.5,Nei,16.2,4,Nordhordaland til Stadt,2017
35,2017,33077,Elveneset,0.2,1.15,0.95,Nei,Ja,1413,HYLLESTAD,14,Sogn og Fjordane,61.206,5.131733,0.5,Nei,16.3,4,Nordhordaland til Stadt,2017
34,2017,33077,Elveneset,0.12,1.45,0.2,Nei,Ja,1413,HYLLESTAD,14,Sogn og Fjordane,61.206,5.131733,0.5,Nei,15.9,4,Nordhordaland til Stadt,2017
33,2017,33077,Elveneset,0.1,1.08,0.32,Nei,Ja,1413,HYLLESTAD,14,Sogn og Fjordane,61.206,5.131733,0.5,Nei,15.6,4,Nordhordaland til Stadt,2017
32,2017,33077,Elveneset,0.08,0.45,0.28,Nei,Ja,1413,HYLLESTAD,14,Sogn og Fjordane,61.206,5.131733,0.5,Nei,15.8,4,Nordhordaland til Stadt,2017
31,2017,33077,Elveneset,0.08,0.57,0.6,Nei,Ja,1413,HYLLESTAD,14,Sogn og Fjordane,61.206,5.131733,0.5,Nei,16.9,4,Nordhordaland til Stadt,2017
30,2017,33077,Elveneset,0.1,1.42,0.73,Nei,Ja,1413,HYLLESTAD,14,Sogn og Fjordane,61.206,5.131733,0.5,Nei,16.0,4,Nordhordaland til Stadt,2017
29,2017,33077,Elveneset,0.1,2.1,0.02,Nei,Ja,1413,HYLLESTAD,14,Sogn og Fjordane,61.206,5.131733,0.5,Nei,14.3,4,Nordhordaland til Stadt,2017
28,2017,33077,Elveneset,0.05,0.62,0.1,Nei,Ja,1413,HYLLESTAD,14,Sogn og Fjordane,61.206,5.131733,0.5,Nei,14.0,4,Nordhordaland til Stadt,2017
27,2017,33077,Elveneset,0.05,0.38,0.55,Nei,Ja,1413,HYLLESTAD,14,Sogn og Fjordane,61.206,5.131733,0.5,Nei,14.0,4,Nordhordaland til Stadt,2017
26,2017,33077,Elveneset,0.18,1.98,1.62,Nei,Ja,1413,HYLLESTAD,14,Sogn og Fjordane,61.206,5.131733,0.5,Nei,14.0,4,Nordhordaland til Stadt,2017
25,2017,33077,Elveneset,0.4,3.8,3.12,Nei,Ja,1413,HYLLESTAD,14,Sogn og Fjordane,61.206,5.131733,0.5,Nei,12.6,4,Nordhordaland til Stadt,2017
24,2017,33077,Elveneset,0.12,3.7,1.68,Nei,Ja,1413,HYLLESTAD,14,Sogn og Fjordane,61.206,5.131733,0.5,Nei,12.9,4,Nordhordaland til Stadt,2017
23,2017,33077,Elveneset,0.18,3.65,0.18,Nei,Ja,1413,HYLLESTAD,14,Sogn og Fjordane,61.206,5.131733,0.5,Nei,12.0,4,Nordhordaland til Stadt,2017
22,2017,33077,Elveneset,0.1,1.16,2.17,Nei,Ja,1413,HYLLESTAD,14,Sogn og Fjordane,61.206,5.131733,0.5,Nei,11.5,4,Nordhordaland til Stadt,2017
21,2017,33077,Elveneset,0.0,0.59,1.86,Nei,Ja,1413,HYLLESTAD,14,Sogn og Fjordane,61.206,5.131733,0.2,Nei,10.9,4,Nordhordaland til Stadt,2017
20,2017,33077,Elveneset,0.0,0.01,0.29,Nei,Ja,1413,HYLLESTAD,14,Sogn og Fjordane,61.206,5.131733,0.2,Nei,10.1,4,Nordhordaland til Stadt,2017
19,2017,33077,Elveneset,0.0,0.0,0.09,Nei,Ja,1413,HYLLESTAD,14,Sogn og Fjordane,61.206,5.131733,0.2,Nei,9.2,4,Nordhordaland til Stadt,2017
18,2017,33077,Elveneset,0.0,0.0,0.13,Nei,Ja,1413,HYLLESTAD,14,Sogn og Fjordane,61.206,5.131733,0.2,Nei,8.4,4,Nordhordaland til Stadt,2017
17,2017,33077,Elveneset,0.0,0.0,0.12,Nei,Ja,1413,HYLLESTAD,14,Sogn og Fjordane,61.206,5.131733,0.2,Nei,0.0,4,Nordhordaland til Stadt,2017
16,2017,33077,Elveneset,0.0,0.0,0.28,Nei,Ja,1413,HYLLESTAD,14,Sogn og Fjordane,61.206,5.131733,0.2,Nei,0.0,4,Nordhordaland til Stadt,2017
15,2017,33077,Elveneset,0.0,0.0,0.03,Nei,Ja,1413,HYLLESTAD,14,Sogn og Fjordane,61.206,5.131733,0.5,Nei,0.0,4,Nordhordaland til Stadt,2017
14,2017,33077,Elveneset,,,,Ja,Nei,1413,HYLLESTAD,14,Sogn og Fjordane,61.206,5.131733,0.5,,0.0,4,Nordhordaland til Stadt,2017
13,2017,33077,Elveneset,,,,Ja,Nei,1413,HYLLESTAD,14,Sogn og Fjordane,61.206,5.131733,0.5,,0.0,4,Nordhordaland til Stadt,2017
12,2017,33077,Elveneset,,,,Ja,Nei,1413,HYLLESTAD,14,Sogn og Fjordane,61.206,5.131733,0.5,,0.0,4,Nordhordaland til Stadt,2017
11,2017,33077,Elveneset,,,,Ja,Nei,1413,HYLLESTAD,14,Sogn og Fjordane,61.206,5.131733,0.5,,0.0,4,Nordhordaland til Stadt,2017
10,2017,33077,Elveneset,,,,Ja,Nei,1413,HYLLESTAD,14,Sogn og Fjordane,61.206,5.131733,0.5,,0.0,4,Nordhordaland til Stadt,2017
9,2017,33077,Elveneset,,,,Ja,Nei,1413,HYLLESTAD,14,Sogn og Fjordane,61.206,5.131733,0.5,,0.0,4,Nordhordaland til Stadt,2017
8,2017,33077,Elveneset,,,,Ja,Nei,1413,HYLLESTAD,14,Sogn og Fjordane,61.206,5.131733,0.5,,0.0,4,Nordhordaland til Stadt,2017
7,2017,33077,Elveneset,,,,Ja,Nei,1413,HYLLESTAD,14,Sogn og Fjordane,61.206,5.131733,0.5,,0.0,4,Nordhordaland til Stadt,2017
6,2017,33077,Elveneset,,,,Ja,Nei,1413,HYLLESTAD,14,Sogn og Fjordane,61.206,5.131733,0.5,,0.0,4,Nordhordaland til Stadt,2017
5,2017,33077,Elveneset,,,,Ja,Nei,1413,HYLLESTAD,14,Sogn og Fjordane,61.206,5.131733,0.5,,0.0,4,Nordhordaland til Stadt,2017
4,2017,33077,Elveneset,,,,Ja,Nei,1413,HYLLESTAD,14,Sogn og Fjordane,61.206,5.131733,0.5,,0.0,4,Nordhordaland til Stadt,2017
3,2017,33077,Elveneset,,,,Ja,Nei,1413,HYLLESTAD,14,Sogn og Fjordane,61.206,5.131733,0.5,,0.0,4,Nordhordaland til Stadt,2017
2,2017,33077,Elveneset,,,,Ja,Nei,1413,HYLLESTAD,14,Sogn og Fjordane,61.206,5.131733,0.5,,0.0,4,Nordhordaland til Stadt,2017
1,2017,33077,Elveneset,,,,Ja,Nei,1413,HYLLESTAD,14,Sogn og Fjordane,61.206,5.131733,0.5,,0.0,4,Nordhordaland til Stadt,2017
52,2018,33077,Elveneset,,,,Ja,Nei,1413,HYLLESTAD,14,Sogn og Fjordane,61.206,5.131733,0.5,,,4,Nordhordaland til Stadt,2018
51,2018,33077,Elveneset,,,,Ja,Nei,1413,HYLLESTAD,14,Sogn og Fjordane,61.206,5.131733,0.5,,,4,Nordhordaland til Stadt,2018
50,2018,33077,Elveneset,,,,Ja,Nei,1413,HYLLESTAD,14,Sogn og Fjordane,61.206,5.131733,0.5,,,4,Nordhordaland til Stadt,2018
49,2018,33077,Elveneset,,,,Ja,Nei,1413,HYLLESTAD,14,Sogn og Fjordane,61.206,5.131733,0.5,,,4,Nordhordaland til Stadt,2018
48,2018,33077,Elveneset,,,,Ja,Nei,1413,HYLLESTAD,14,Sogn og Fjordane,61.206,5.131733,0.5,,,4,Nordhordaland til Stadt,2018
47,2018,33077,Elveneset,,,,Ja,Nei,1413,HYLLESTAD,14,Sogn og Fjordane,61.206,5.131733,0.5,,,4,Nordhordaland til Stadt,2018
46,2018,33077,Elveneset,,,,Ja,Nei,1413,HYLLESTAD,14,Sogn og Fjordane,61.206,5.131733,0.5,,,4,Nordhordaland til Stadt,2018
45,2018,33077,Elveneset,,,,Ja,Nei,1413,HYLLESTAD,14,Sogn og Fjordane,61.206,5.131733,0.5,,,4,Nordhordaland til Stadt,2018
44,2018,33077,Elveneset,,,,Ja,Nei,1413,HYLLESTAD,14,Sogn og Fjordane,61.206,5.131733,0.5,,,4,Nordhordaland til Stadt,2018
43,2018,33077,Elveneset,,,,Ja,Nei,1413,HYLLESTAD,14,Sogn og Fjordane,61.206,5.131733,0.5,,,4,Nordhordaland til Stadt,2018
42,2018,33077,Elveneset,,,,Ja,Nei,1413,HYLLESTAD,14,Sogn og Fjordane,61.206,5.131733,0.5,,,4,Nordhordaland til Stadt,2018
41,2018,33077,Elveneset,,,,Ja,Nei,1413,HYLLESTAD,14,Sogn og Fjordane,61.206,5.131733,0.5,,,4,Nordhordaland til Stadt,2018
40,2018,33077,Elveneset,,,,Ja,Nei,1413,HYLLESTAD,14,Sogn og Fjordane,61.206,5.131733,0.5,,,4,Nordhordaland til Stadt,2018
39,2018,33077,Elveneset,,,,Ja,Nei,1413,HYLLESTAD,14,Sogn og Fjordane,61.206,5.131733,0.5,,,4,Nordhordaland til Stadt,2018
38,2018,33077,Elveneset,,,,Ja,Nei,1413,HYLLESTAD,14,Sogn og Fjordane,61.206,5.131733,0.5,,,4,Nordhordaland til Stadt,2018
37,2018,33077,Elveneset,,,,Ja,Nei,1413,HYLLESTAD,14,Sogn og Fjordane,61.206,5.131733,0.5,,,4,Nordhordaland til Stadt,2018
36,2018,33077,Elveneset,,,,Ja,Nei,1413,HYLLESTAD,14,Sogn og Fjordane,61.206,5.131733,0.5,,,4,Nordhordaland til Stadt,2018
35,2018,33077,Elveneset,,,,Ja,Nei,1413,HYLLESTAD,14,Sogn og Fjordane,61.206,5.131733,0.5,,,4,Nordhordaland til Stadt,2018
34,2018,33077,Elveneset,,,,Ja,Nei,1413,HYLLESTAD,14,Sogn og Fjordane,61.206,5.131733,0.5,,,4,Nordhordaland til Stadt,2018
33,2018,33077,Elveneset,,,,Ja,Nei,1413,HYLLESTAD,14,Sogn og Fjordane,61.206,5.131733,0.5,,,4,Nordhordaland til Stadt,2018
32,2018,33077,Elveneset,,,,Ja,Nei,1413,HYLLESTAD,14,Sogn og Fjordane,61.206,5.131733,0.5,,,4,Nordhordaland til Stadt,2018
31,2018,33077,Elveneset,,,,Ja,Nei,1413,HYLLESTAD,14,Sogn og Fjordane,61.206,5.131733,0.5,,,4,Nordhordaland til Stadt,2018
30,2018,33077,Elveneset,,,,Ja,Nei,1413,HYLLESTAD,14,Sogn og Fjordane,61.206,5.131733,0.5,,,4,Nordhordaland til Stadt,2018
29,2018,33077,Elveneset,,,,Ja,Nei,1413,HYLLESTAD,14,Sogn og Fjordane,61.206,5.131733,0.5,,,4,Nordhordaland til Stadt,2018
28,2018,33077,Elveneset,,,,Ja,Nei,1413,HYLLESTAD,14,Sogn og Fjordane,61.206,5.131733,0.5,,,4,Nordhordaland til Stadt,2018
27,2018,33077,Elveneset,,,,Ja,Nei,1413,HYLLESTAD,14,Sogn og Fjordane,61.206,5.131733,0.5,,,4,Nordhordaland til Stadt,2018
26,2018,33077,Elveneset,,,,Ja,Nei,1413,HYLLESTAD,14,Sogn og Fjordane,61.206,5.131733,0.5,,12.8,4,Nordhordaland til Stadt,2018
25,2018,33077,Elveneset,0.1,0.3,0.2,Nei,Ja,1413,HYLLESTAD,14,Sogn og Fjordane,61.206,5.131733,0.5,Nei,11.0,4,Nordhordaland til Stadt,2018
24,2018,33077,Elveneset,0.0,0.1,0.3,Nei,Ja,1413,HYLLESTAD,14,Sogn og Fjordane,61.206,5.131733,0.5,Nei,10.0,4,Nordhordaland til Stadt,2018
23,2018,33077,Elveneset,0.0,0.1,0.2,Nei,Ja,1413,HYLLESTAD,14,Sogn og Fjordane,61.206,5.131733,0.5,Nei,10.2,4,Nordhordaland til Stadt,2018
22,2018,33077,Elveneset,0.3,1.6,1.0,Nei,Ja,1413,HYLLESTAD,14,Sogn og Fjordane,61.206,5.131733,0.5,Nei,13.4,4,Nordhordaland til Stadt,2018
21,2018,33077,Elveneset,0.2,2.05,1.8,Nei,Ja,1413,HYLLESTAD,14,Sogn og Fjordane,61.206,5.131733,0.2,Ja,10.4,4,Nordhordaland til Stadt,2018
20,2018,33077,Elveneset,0.1,0.57,0.22,Nei,Ja,1413,HYLLESTAD,14,Sogn og Fjordane,61.206,5.131733,0.2,Nei,9.0,4,Nordhordaland til Stadt,2018
19,2018,33077,Elveneset,0.05,0.68,1.27,Nei,Ja,1413,HYLLESTAD,14,Sogn og Fjordane,61.206,5.131733,0.2,Nei,8.1,4,Nordhordaland til Stadt,2018
18,2018,33077,Elveneset,0.12,1.12,1.25,Nei,Ja,1413,HYLLESTAD,14,Sogn og Fjordane,61.206,5.131733,0.2,Nei,7.3,4,Nordhordaland til Stadt,2018
17,2018,33077,Elveneset,0.15,1.0,0.98,Nei,Ja,1413,HYLLESTAD,14,Sogn og Fjordane,61.206,5.131733,0.2,Nei,6.5,4,Nordhordaland til Stadt,2018
16,2018,33077,Elveneset,0.15,0.9,2.68,Nei,Ja,1413,HYLLESTAD,14,Sogn og Fjordane,61.206,5.131733,0.2,Nei,6.1,4,Nordhordaland til Stadt,2018
15,2018,33077,Elveneset,0.12,0.95,0.45,Nei,Ja,1413,HYLLESTAD,14,Sogn og Fjordane,61.206,5.131733,0.5,Nei,4.8,4,Nordhordaland til Stadt,2018
14,2018,33077,Elveneset,0.05,0.6,0.7,Nei,Ja,1413,HYLLESTAD,14,Sogn og Fjordane,61.206,5.131733,0.5,Nei,4.3,4,Nordhordaland til Stadt,2018
13,2018,33077,Elveneset,0.05,0.2,0.1,Nei,Ja,1413,HYLLESTAD,14,Sogn og Fjordane,61.206,5.131733,0.5,Nei,3.4,4,Nordhordaland til Stadt,2018
12,2018,33077,Elveneset,0.0,0.4,0.55,Nei,Ja,1413,HYLLESTAD,14,Sogn og Fjordane,61.206,5.131733,0.5,Nei,3.9,4,Nordhordaland til Stadt,2018
11,2018,33077,Elveneset,0.33,1.9,0.53,Nei,Ja,1413,HYLLESTAD,14,Sogn og Fjordane,61.206,5.131733,0.5,Nei,4.4,4,Nordhordaland til Stadt,2018
10,2018,33077,Elveneset,0.4,5.23,2.83,Nei,Ja,1413,HYLLESTAD,14,Sogn og Fjordane,61.206,5.131733,0.5,Nei,5.0,4,Nordhordaland til Stadt,2018
9,2018,33077,Elveneset,0.4,3.37,1.7,Nei,Ja,1413,HYLLESTAD,14,Sogn og Fjordane,61.206,5.131733,0.5,Nei,5.1,4,Nordhordaland til Stadt,2018
8,2018,33077,Elveneset,0.37,3.13,1.63,Nei,Ja,1413,HYLLESTAD,14,Sogn og Fjordane,61.206,5.131733,0.5,Nei,5.5,4,Nordhordaland til Stadt,2018
7,2018,33077,Elveneset,0.33,2.87,2.87,Nei,Ja,1413,HYLLESTAD,14,Sogn og Fjordane,61.206,5.131733,0.5,Nei,5.9,4,Nordhordaland til Stadt,2018
6,2018,33077,Elveneset,0.37,3.17,3.5,Nei,Ja,1413,HYLLESTAD,14,Sogn og Fjordane,61.206,5.131733,0.5,Nei,6.2,4,Nordhordaland til Stadt,2018
5,2018,33077,Elveneset,0.27,1.93,0.87,Nei,Ja,1413,HYLLESTAD,14,Sogn og Fjordane,61.206,5.131733,0.5,Nei,6.9,4,Nordhordaland til Stadt,2018
4,2018,33077,Elveneset,0.23,1.9,1.07,Nei,Ja,1413,HYLLESTAD,14,Sogn og Fjordane,61.206,5.131733,0.5,Nei,7.3,4,Nordhordaland til Stadt,2018
3,2018,33077,Elveneset,0.17,1.33,1.13,Nei,Ja,1413,HYLLESTAD,14,Sogn og Fjordane,61.206,5.131733,0.5,Nei,7.7,4,Nordhordaland til Stadt,2018
2,2018,33077,Elveneset,0.2,1.8,0.9,Nei,Ja,1413,HYLLESTAD,14,Sogn og Fjordane,61.206,5.131733,0.5,Nei,8.6,4,Nordhordaland til Stadt,2018
1,2018,33077,Elveneset,0.17,2.7,0.43,Nei,Ja,1413,HYLLESTAD,14,Sogn og Fjordane,61.206,5.131733,0.5,Nei,8.2,4,Nordhordaland til Stadt,2018
52,2019,33077,Elveneset,0.2,0.3,0.92,Nei,Ja,1413,HYLLESTAD,14,Sogn og Fjordane,61.206,5.131733,0.5,Nei,9.2,4,Nordhordaland til Stadt,2019
51,2019,33077,Elveneset,0.15,0.22,0.8,Nei,Ja,1413,HYLLESTAD,14,Sogn og Fjordane,61.206,5.131733,0.5,Nei,9.4,4,Nordhordaland til Stadt,2019
50,2019,33077,Elveneset,0.6,2.47,1.7,Nei,Ja,1413,HYLLESTAD,14,Sogn og Fjordane,61.206,5.131733,0.5,Ja,9.4,4,Nordhordaland til Stadt,2019
49,2019,33077,Elveneset,0.52,4.8,2.98,Nei,Ja,1413,HYLLESTAD,14,Sogn og Fjordane,61.206,5.131733,0.5,Ja,9.2,4,Nordhordaland til Stadt,2019
48,2019,33077,Elveneset,0.38,2.72,0.9,Nei,Ja,1413,HYLLESTAD,14,Sogn og Fjordane,61.206,5.131733,0.5,Nei,9.3,4,Nordhordaland til Stadt,2019
47,2019,33077,Elveneset,0.28,3.92,1.35,Nei,Ja,1413,HYLLESTAD,14,Sogn og Fjordane,61.206,5.131733,0.5,Nei,8.9,4,Nordhordaland til Stadt,2019
46,2019,33077,Elveneset,0.4,0.98,0.75,Nei,Ja,1413,HYLLESTAD,14,Sogn og Fjordane,61.206,5.131733,0.5,Nei,9.9,4,Nordhordaland til Stadt,2019
45,2019,33077,Elveneset,0.1,0.52,1.45,Nei,Ja,1413,HYLLESTAD,14,Sogn og Fjordane,61.206,5.131733,0.5,Nei,10.6,4,Nordhordaland til Stadt,2019
44,2019,33077,Elveneset,0.48,12.02,3.65,Nei,Ja,1413,HYLLESTAD,14,Sogn og Fjordane,61.206,5.131733,0.5,Nei,11.8,4,Nordhordaland til Stadt,2019
43,2019,33077,Elveneset,0.0,6.78,4.32,Nei,Ja,1413,HYLLESTAD,14,Sogn og Fjordane,61.206,5.131733,0.5,Nei,12.0,4,Nordhordaland til Stadt,2019
42,2019,33077,Elveneset,0.0,4.42,6.6,Nei,Ja,1413,HYLLESTAD,14,Sogn og Fjordane,61.206,5.131733,0.5,Nei,12.4,4,Nordhordaland til Stadt,2019
41,2019,33077,Elveneset,0.02,0.38,1.15,Nei,Ja,1413,HYLLESTAD,14,Sogn og Fjordane,61.206,5.131733,0.5,Nei,12.4,4,Nordhordaland til Stadt,2019
40,2019,33077,Elveneset,0.42,3.47,0.22,Nei,Ja,1413,HYLLESTAD,14,Sogn og Fjordane,61.206,5.131733,0.5,Nei,13.3,4,Nordhordaland til Stadt,2019
39,2019,33077,Elveneset,0.32,4.03,0.4,Nei,Ja,1413,HYLLESTAD,14,Sogn og Fjordane,61.206,5.131733,0.5,Nei,14.0,4,Nordhordaland til Stadt,2019
38,2019,33077,Elveneset,0.05,2.58,0.08,Nei,Ja,1413,HYLLESTAD,14,Sogn og Fjordane,61.206,5.131733,0.5,Nei,14.2,4,Nordhordaland til Stadt,2019
37,2019,33077,Elveneset,0.0,0.02,0.38,Nei,Ja,1413,HYLLESTAD,14,Sogn og Fjordane,61.206,5.131733,0.5,Nei,15.3,4,Nordhordaland til Stadt,2019
36,2019,33077,Elveneset,0.4,3.92,0.3,Nei,Ja,1413,HYLLESTAD,14,Sogn og Fjordane,61.206,5.131733,0.5,Nei,16.1,4,Nordhordaland til Stadt,2019
35,2019,33077,Elveneset,0.5,2.0,0.3,Nei,Ja,1413,HYLLESTAD,14,Sogn og Fjordane,61.206,5.131733,0.5,Ja,15.9,4,Nordhordaland til Stadt,2019
34,2019,33077,Elveneset,0.28,1.23,0.0,Nei,Ja,1413,HYLLESTAD,14,Sogn og Fjordane,61.206,5.131733,0.5,Nei,15.7,4,Nordhordaland til Stadt,2019
33,2019,33077,Elveneset,0.22,1.15,0.15,Nei,Ja,1413,HYLLESTAD,14,Sogn og Fjordane,61.206,5.131733,0.5,Nei,16.5,4,Nordhordaland til Stadt,2019
32,2019,33077,Elveneset,0.15,0.62,0.38,Nei,Ja,1413,HYLLESTAD,14,Sogn og Fjordane,61.206,5.131733,0.5,Nei,16.8,4,Nordhordaland til Stadt,2019
31,2019,33077,Elveneset,0.03,0.07,0.02,Nei,Ja,1413,HYLLESTAD,14,Sogn og Fjordane,61.206,5.131733,0.5,Nei,17.9,4,Nordhordaland til Stadt,2019
30,2019,33077,Elveneset,0.48,2.92,0.0,Nei,Ja,1413,HYLLESTAD,14,Sogn og Fjordane,61.206,5.131733,0.5,Nei,15.0,4,Nordhordaland til Stadt,2019
29,2019,33077,Elveneset,0.42,2.8,0.02,Nei,Ja,1413,HYLLESTAD,14,Sogn og Fjordane,61.206,5.131733,0.5,Nei,12.9,4,Nordhordaland til Stadt,2019
28,2019,33077,Elveneset,0.42,5.78,0.6,Nei,Ja,1413,HYLLESTAD,14,Sogn og Fjordane,61.206,5.131733,0.5,Nei,12.7,4,Nordhordaland til Stadt,2019
27,2019,33077,Elveneset,0.25,2.8,1.78,Nei,Ja,1413,HYLLESTAD,14,Sogn og Fjordane,61.206,5.131733,0.5,Nei,13.2,4,Nordhordaland til Stadt,2019
26,2019,33077,Elveneset,0.22,2.03,1.27,Nei,Ja,1413,HYLLESTAD,14,Sogn og Fjordane,61.206,5.131733,0.5,Nei,12.8,4,Nordhordaland til Stadt,2019
25,2019,33077,Elveneset,0.15,1.05,0.25,Nei,Ja,1413,HYLLESTAD,14,Sogn og Fjordane,61.206,5.131733,0.5,Nei,12.3,4,Nordhordaland til Stadt,2019
24,2019,33077,Elveneset,0.12,1.02,0.3,Nei,Ja,1413,HYLLESTAD,14,Sogn og Fjordane,61.206,5.131733,0.5,Nei,11.8,4,Nordhordaland til Stadt,2019
23,2019,33077,Elveneset,0.08,1.0,0.58,Nei,Ja,1413,HYLLESTAD,14,Sogn og Fjordane,61.206,5.131733,0.5,Nei,10.0,4,Nordhordaland til Stadt,2019
22,2019,33077,Elveneset,0.12,1.02,0.8,Nei,Ja,1413,HYLLESTAD,14,Sogn og Fjordane,61.206,5.131733,0.5,Nei,9.7,4,Nordhordaland til Stadt,2019
21,2019,33077,Elveneset,0.12,0.96,0.4,Nei,Ja,1413,HYLLESTAD,14,Sogn og Fjordane,61.206,5.131733,0.2,Nei,10.3,4,Nordhordaland til Stadt,2019
20,2019,33077,Elveneset,0.0,0.55,1.21,Nei,Ja,1413,HYLLESTAD,14,Sogn og Fjordane,61.206,5.131733,0.2,Nei,9.2,4,Nordhordaland til Stadt,2019
19,2019,33077,Elveneset,0.0,0.18,0.86,Nei,Ja,1413,HYLLESTAD,14,Sogn og Fjordane,61.206,5.131733,0.2,Nei,7.9,4,Nordhordaland til Stadt,2019
18,2019,33077,Elveneset,0.0,0.04,1.01,Nei,Ja,1413,HYLLESTAD,14,Sogn og Fjordane,61.206,5.131733,0.2,Nei,8.7,4,Nordhordaland til Stadt,2019
17,2019,33077,Elveneset,0.0,0.0,0.78,Nei,Ja,1413,HYLLESTAD,14,Sogn og Fjordane,61.206,5.131733,0.2,Nei,8.0,4,Nordhordaland til Stadt,2019
16,2019,33077,Elveneset,0.0,0.0,0.1,Nei,Ja,1413,HYLLESTAD,14,Sogn og Fjordane,61.206,5.131733,0.2,Nei,6.8,4,Nordhordaland til Stadt,2019
15,2019,33077,Elveneset,0.0,0.0,0.12,Nei,Ja,1413,HYLLESTAD,14,Sogn og Fjordane,61.206,5.131733,0.5,Nei,7.1,4,Nordhordaland til Stadt,2019
14,2019,33077,Elveneset,0.0,0.0,0.0,Nei,Ja,1413,HYLLESTAD,14,Sogn og Fjordane,61.206,5.131733,0.5,Nei,6.3,4,Nordhordaland til Stadt,2019
13,2019,33077,Elveneset,0.0,0.0,0.0,Nei,Ja,1413,HYLLESTAD,14,Sogn og Fjordane,61.206,5.131733,0.5,Nei,6.1,4,Nordhordaland til Stadt,2019
12,2019,33077,Elveneset,,,,Ja,Nei,1413,HYLLESTAD,14,Sogn og Fjordane,61.206,5.131733,0.5,,,4,Nordhordaland til Stadt,2019
11,2019,33077,Elveneset,,,,Ja,Nei,1413,HYLLESTAD,14,Sogn og Fjordane,61.206,5.131733,0.5,,,4,Nordhordaland til Stadt,2019
10,2019,33077,Elveneset,,,,Ja,Nei,1413,HYLLESTAD,14,Sogn og Fjordane,61.206,5.131733,0.5,,,4,Nordhordaland til Stadt,2019
9,2019,33077,Elveneset,,,,Ja,Nei,1413,HYLLESTAD,14,Sogn og Fjordane,61.206,5.131733,0.5,,,4,Nordhordaland til Stadt,2019
8,2019,33077,Elveneset,,,,Ja,Nei,1413,HYLLESTAD,14,Sogn og Fjordane,61.206,5.131733,0.5,,,4,Nordhordaland til Stadt,2019
7,2019,33077,Elveneset,,,,Ja,Nei,1413,HYLLESTAD,14,Sogn og Fjordane,61.206,5.131733,0.5,,,4,Nordhordaland til Stadt,2019
6,2019,33077,Elveneset,,,,Ja,Nei,1413,HYLLESTAD,14,Sogn og Fjordane,61.206,5.131733,0.5,,,4,Nordhordaland til Stadt,2019
5,2019,33077,Elveneset,,,,Ja,Nei,1413,HYLLESTAD,14,Sogn og Fjordane,61.206,5.131733,0.5,,,4,Nordhordaland til Stadt,2019
4,2019,33077,Elveneset,,,,Ja,Nei,1413,HYLLESTAD,14,Sogn og Fjordane,61.206,5.131733,0.5,,,4,Nordhordaland til Stadt,2019
3,2019,33077,Elveneset,,,,Ja,Nei,1413,HYLLESTAD,14,Sogn og Fjordane,61.206,5.131733,0.5,,,4,Nordhordaland til Stadt,2019
2,2019,33077,Elveneset,,,,Ja,Nei,1413,HYLLESTAD,14,Sogn og Fjordane,61.206,5.131733,0.5,,,4,Nordhordaland til Stadt,2019
1,2019,33077,Elveneset,,,,Ja,Nei,1413,HYLLESTAD,14,Sogn og Fjordane,61.206,5.131733,0.5,,,4,Nordhordaland til Stadt,2019
52,2020,33077,Elveneset,,,,Ja,Nei,4637,HYLLESTAD,46,Vestland,61.206,5.131733,0.5,,,4,Nordhordaland til Stadt,2020
51,2020,33077,Elveneset,,,,Ja,Nei,4637,HYLLESTAD,46,Vestland,61.206,5.131733,0.5,,,4,Nordhordaland til Stadt,2020
50,2020,33077,Elveneset,,,,Ja,Nei,4637,HYLLESTAD,46,Vestland,61.206,5.131733,0.5,,,4,Nordhordaland til Stadt,2020
49,2020,33077,Elveneset,,,,Ja,Nei,4637,HYLLESTAD,46,Vestland,61.206,5.131733,0.5,,,4,Nordhordaland til Stadt,2020
48,2020,33077,Elveneset,,,,Ja,Nei,4637,HYLLESTAD,46,Vestland,61.206,5.131733,0.5,,,4,Nordhordaland til Stadt,2020
47,2020,33077,Elveneset,,,,Ja,Nei,4637,HYLLESTAD,46,Vestland,61.206,5.131733,0.5,,,4,Nordhordaland til Stadt,2020
46,2020,33077,Elveneset,,,,Ja,Nei,4637,HYLLESTAD,46,Vestland,61.206,5.131733,0.5,,,4,Nordhordaland til Stadt,2020
45,2020,33077,Elveneset,,,,Ja,Nei,4637,HYLLESTAD,46,Vestland,61.206,5.131733,0.5,,,4,Nordhordaland til Stadt,2020
44,2020,33077,Elveneset,,,,Ja,Nei,4637,HYLLESTAD,46,Vestland,61.206,5.131733,0.5,,,4,Nordhordaland til Stadt,2020
43,2020,33077,Elveneset,,,,Ja,Nei,4637,HYLLESTAD,46,Vestland,61.206,5.131733,0.5,,,4,Nordhordaland til Stadt,2020
42,2020,33077,Elveneset,,,,Ja,Nei,4637,HYLLESTAD,46,Vestland,61.206,5.131733,0.5,,,4,Nordhordaland til Stadt,2020
41,2020,33077,Elveneset,,,,Ja,Nei,4637,HYLLESTAD,46,Vestland,61.206,5.131733,0.5,,,4,Nordhordaland til Stadt,2020
40,2020,33077,Elveneset,,,,Ja,Nei,4637,HYLLESTAD,46,Vestland,61.206,5.131733,0.5,,,4,Nordhordaland til Stadt,2020
39,2020,33077,Elveneset,,,,Ja,Nei,4637,HYLLESTAD,46,Vestland,61.206,5.131733,0.5,,,4,Nordhordaland til Stadt,2020
38,2020,33077,Elveneset,,,,Ja,Nei,4637,HYLLESTAD,46,Vestland,61.206,5.131733,0.5,,,4,Nordhordaland til Stadt,2020
37,2020,33077,Elveneset,,,,Ja,Nei,4637,HYLLESTAD,46,Vestland,61.206,5.131733,0.5,,,4,Nordhordaland til Stadt,2020
36,2020,33077,Elveneset,,,,Ja,Nei,4637,HYLLESTAD,46,Vestland,61.206,5.131733,0.5,,,4,Nordhordaland til Stadt,2020
35,2020,33077,Elveneset,,,,Ja,Nei,4637,HYLLESTAD,46,Vestland,61.206,5.131733,0.5,,,4,Nordhordaland til Stadt,2020
34,2020,33077,Elveneset,,,,Ja,Nei,4637,HYLLESTAD,46,Vestland,61.206,5.131733,0.5,,,4,Nordhordaland til Stadt,2020
33,2020,33077,Elveneset,,,,Ja,Nei,4637,HYLLESTAD,46,Vestland,61.206,5.131733,0.5,,,4,Nordhordaland til Stadt,2020
32,2020,33077,Elveneset,,,,Ja,Nei,4637,HYLLESTAD,46,Vestland,61.206,5.131733,0.5,,,4,Nordhordaland til Stadt,2020
31,2020,33077,Elveneset,,,,Ja,Nei,4637,HYLLESTAD,46,Vestland,61.206,5.131733,0.5,,,4,Nordhordaland til Stadt,2020
30,2020,33077,Elveneset,,,,Ja,Nei,4637,HYLLESTAD,46,Vestland,61.206,5.131733,0.5,,,4,Nordhordaland til Stadt,2020
29,2020,33077,Elveneset,,,,Ja,Nei,4637,HYLLESTAD,46,Vestland,61.206,5.131733,0.5,,,4,Nordhordaland til Stadt,2020
28,2020,33077,Elveneset,,,,Ja,Nei,4637,HYLLESTAD,46,Vestland,61.206,5.131733,0.5,,,4,Nordhordaland til Stadt,2020
27,2020,33077,Elveneset,,,,Ja,Nei,4637,HYLLESTAD,46,Vestland,61.206,5.131733,0.5,,,4,Nordhordaland til Stadt,2020
26,2020,33077,Elveneset,,,,Ja,Nei,4637,HYLLESTAD,46,Vestland,61.206,5.131733,0.5,,,4,Nordhordaland til Stadt,2020
25,2020,33077,Elveneset,0.4,2.4,0.7,Nei,Ja,4637,HYLLESTAD,46,Vestland,61.206,5.131733,0.5,Nei,10.5,4,Nordhordaland til Stadt,2020
24,2020,33077,Elveneset,0.35,2.25,0.7,Nei,Ja,4637,HYLLESTAD,46,Vestland,61.206,5.131733,0.5,Nei,9.9,4,Nordhordaland til Stadt,2020
23,2020,33077,Elveneset,0.15,3.6,0.65,Nei,Ja,4637,HYLLESTAD,46,Vestland,61.206,5.131733,0.5,Nei,8.8,4,Nordhordaland til Stadt,2020
22,2020,33077,Elveneset,0.08,1.12,1.02,Nei,Ja,4637,HYLLESTAD,46,Vestland,61.206,5.131733,0.5,Nei,8.7,4,Nordhordaland til Stadt,2020
21,2020,33077,Elveneset,0.18,0.68,0.72,Nei,Ja,4637,HYLLESTAD,46,Vestland,61.206,5.131733,0.2,Nei,8.7,4,Nordhordaland til Stadt,2020
20,2020,33077,Elveneset,0.15,0.65,0.4,Nei,Ja,4637,HYLLESTAD,46,Vestland,61.206,5.131733,0.2,Nei,8.7,4,Nordhordaland til Stadt,2020
19,2020,33077,Elveneset,0.08,0.02,0.12,Nei,Ja,4637,HYLLESTAD,46,Vestland,61.206,5.131733,0.2,Nei,8.9,4,Nordhordaland til Stadt,2020
18,2020,33077,Elveneset,0.18,2.67,0.22,Nei,Ja,4637,HYLLESTAD,46,Vestland,61.206,5.131733,0.2,Nei,8.7,4,Nordhordaland til Stadt,2020
17,2020,33077,Elveneset,0.15,2.72,0.25,Nei,Ja,4637,HYLLESTAD,46,Vestland,61.206,5.131733,0.2,Nei,7.8,4,Nordhordaland til Stadt,2020
16,2020,33077,Elveneset,0.11,1.9,0.44,Nei,Ja,4637,HYLLESTAD,46,Vestland,61.206,5.131733,0.2,Nei,7.0,4,Nordhordaland til Stadt,2020
15,2020,33077,Elveneset,0.02,0.1,1.55,Nei,Ja,4637,HYLLESTAD,46,Vestland,61.206,5.131733,0.5,Nei,6.8,4,Nordhordaland til Stadt,2020
14,2020,33077,Elveneset,0.31,6.94,2.64,Nei,Ja,4637,HYLLESTAD,46,Vestland,61.206,5.131733,0.5,Nei,6.4,4,Nordhordaland til Stadt,2020
13,2020,33077,Elveneset,0.35,6.95,2.25,Nei,Ja,4637,HYLLESTAD,46,Vestland,61.206,5.131733,0.5,Nei,6.2,4,Nordhordaland til Stadt,2020
12,2020,33077,Elveneset,0.25,5.52,1.89,Nei,Ja,4637,HYLLESTAD,46,Vestland,61.206,5.131733,0.5,Nei,6.3,4,Nordhordaland til Stadt,2020
11,2020,33077,Elveneset,0.1,4.61,2.71,Nei,Ja,4637,HYLLESTAD,46,Vestland,61.206,5.131733,0.5,Nei,6.4,4,Nordhordaland til Stadt,2020
10,2020,33077,Elveneset,0.16,3.11,3.53,Nei,Ja,4637,HYLLESTAD,46,Vestland,61.206,5.131733,0.5,Nei,6.2,4,Nordhordaland til Stadt,2020
9,2020,33077,Elveneset,0.0,0.05,3.9,Nei,Ja,4637,HYLLESTAD,46,Vestland,61.206,5.131733,0.5,Nei,6.5,4,Nordhordaland til Stadt,2020
8,2020,33077,Elveneset,0.48,9.35,4.68,Nei,Ja,4637,HYLLESTAD,46,Vestland,61.206,5.131733,0.5,Nei,6.7,4,Nordhordaland til Stadt,2020
7,2020,33077,Elveneset,0.43,2.68,3.1,Nei,Ja,4637,HYLLESTAD,46,Vestland,61.206,5.131733,0.5,Nei,6.8,4,Nordhordaland til Stadt,2020
6,2020,33077,Elveneset,0.47,2.9,4.2,Nei,Ja,4637,HYLLESTAD,46,Vestland,61.206,5.131733,0.5,Nei,7.1,4,Nordhordaland til Stadt,2020
5,2020,33077,Elveneset,0.92,15.75,3.7,Nei,Ja,4637,HYLLESTAD,46,Vestland,61.206,5.131733,0.5,Ja,7.4,4,Nordhordaland til Stadt,2020
4,2020,33077,Elveneset,1.27,17.2,4.22,Nei,Ja,4637,HYLLESTAD,46,Vestland,61.206,5.131733,0.5,Ja,8.0,4,Nordhordaland til Stadt,2020
3,2020,33077,Elveneset,1.6,30.55,3.65,Nei,Ja,4637,HYLLESTAD,46,Vestland,61.206,5.131733,0.5,Ja,8.0,4,Nordhordaland til Stadt,2020
2,2020,33077,Elveneset,0.48,18.0,9.9,Nei,Ja,4637,HYLLESTAD,46,Vestland,61.206,5.131733,0.5,Nei,8.2,4,Nordhordaland til Stadt,2020
1,2020,33077,Elveneset,0.43,1.33,1.78,Nei,Ja,4637,HYLLESTAD,46,Vestland,61.206,5.131733,0.5,Nei,8.3,4,Nordhordaland til Stadt,2020
52,2021,33077,Elveneset,0.48,3.7,1.35,Nei,Ja,4637,HYLLESTAD,46,Vestland,61.206,5.131733,0.5,Nei,7.7,4,Nordhordaland til Stadt,2021
51,2021,33077,Elveneset,0.4,3.05,1.98,Nei,Ja,4637,HYLLESTAD,46,Vestland,61.206,5.131733,0.5,Nei,8.6,4,Nordhordaland til Stadt,2021
50,2021,33077,Elveneset,0.3,4.65,1.68,Nei,Ja,4637,HYLLESTAD,46,Vestland,61.206,5.131733,0.5,Nei,9.0,4,Nordhordaland til Stadt,2021
49,2021,33077,Elveneset,0.25,0.6,1.8,Nei,Ja,4637,HYLLESTAD,46,Vestland,61.206,5.131733,0.5,Nei,9.0,4,Nordhordaland til Stadt,2021
48,2021,33077,Elveneset,0.32,3.65,3.88,Nei,Ja,4637,HYLLESTAD,46,Vestland,61.206,5.131733,0.5,Nei,9.2,4,Nordhordaland til Stadt,2021
47,2021,33077,Elveneset,0.45,14.3,8.08,Nei,Ja,4637,HYLLESTAD,46,Vestland,61.206,5.131733,0.5,Nei,10.5,4,Nordhordaland til Stadt,2021
46,2021,33077,Elveneset,0.22,2.58,5.07,Nei,Ja,4637,HYLLESTAD,46,Vestland,61.206,5.131733,0.5,Nei,10.4,4,Nordhordaland til Stadt,2021
45,2021,33077,Elveneset,0.14,0.15,5.08,Nei,Ja,4637,HYLLESTAD,46,Vestland,61.206,5.131733,0.5,Nei,10.6,4,Nordhordaland til Stadt,2021
44,2021,33077,Elveneset,0.16,0.21,5.78,Nei,Ja,4637,HYLLESTAD,46,Vestland,61.206,5.131733,0.5,Nei,11.1,4,Nordhordaland til Stadt,2021
43,2021,33077,Elveneset,0.42,3.3,5.38,Nei,Ja,4637,HYLLESTAD,46,Vestland,61.206,5.131733,0.5,Nei,11.5,4,Nordhordaland til Stadt,2021
42,2021,33077,Elveneset,0.15,3.82,5.9,Nei,Ja,4637,HYLLESTAD,46,Vestland,61.206,5.131733,0.5,Nei,12.2,4,Nordhordaland til Stadt,2021
41,2021,33077,Elveneset,0.12,0.1,3.31,Nei,Ja,4637,HYLLESTAD,46,Vestland,61.206,5.131733,0.5,Nei,12.9,4,Nordhordaland til Stadt,2021
40,2021,33077,Elveneset,0.39,1.5,2.16,Nei,Ja,4637,HYLLESTAD,46,Vestland,61.206,5.131733,0.5,Nei,12.9,4,Nordhordaland til Stadt,2021
39,2021,33077,Elveneset,0.08,0.18,0.52,Nei,Ja,4637,HYLLESTAD,46,Vestland,61.206,5.131733,0.5,Nei,12.9,4,Nordhordaland til Stadt,2021
38,2021,33077,Elveneset,0.78,5.15,1.75,Nei,Ja,4637,HYLLESTAD,46,Vestland,61.206,5.131733,0.5,Ja,13.5,4,Nordhordaland til Stadt,2021
37,2021,33077,Elveneset,0.44,5.0,1.33,Nei,Ja,4637,HYLLESTAD,46,Vestland,61.206,5.131733,0.5,Nei,12.5,4,Nordhordaland til Stadt,2021
36,2021,33077,Elveneset,0.38,4.26,0.51,Nei,Ja,4637,HYLLESTAD,46,Vestland,61.206,5.131733,0.5,Nei,11.9,4,Nordhordaland til Stadt,2021
35,2021,33077,Elveneset,0.09,0.14,0.35,Nei,Ja,4637,HYLLESTAD,46,Vestland,61.206,5.131733,0.5,Nei,10.9,4,Nordhordaland til Stadt,2021
34,2021,33077,Elveneset,0.43,5.6,1.98,Nei,Ja,4637,HYLLESTAD,46,Vestland,61.206,5.131733,0.5,Nei,14.6,4,Nordhordaland til Stadt,2021
33,2021,33077,Elveneset,0.48,1.0,0.2,Nei,Ja,4637,HYLLESTAD,46,Vestland,61.206,5.131733,0.5,Nei,15.5,4,Nordhordaland til Stadt,2021
32,2021,33077,Elveneset,2.35,4.03,0.32,Nei,Ja,4637,HYLLESTAD,46,Vestland,61.206,5.131733,0.5,Ja,14.4,4,Nordhordaland til Stadt,2021
31,2021,33077,Elveneset,1.31,5.38,0.35,Nei,Ja,4637,HYLLESTAD,46,Vestland,61.206,5.131733,0.5,Ja,10.5,4,Nordhordaland til Stadt,2021
30,2021,33077,Elveneset,0.44,4.11,0.24,Nei,Ja,4637,HYLLESTAD,46,Vestland,61.206,5.131733,0.5,Nei,11.7,4,Nordhordaland til Stadt,2021
29,2021,33077,Elveneset,0.26,1.09,0.36,Nei,Ja,4637,HYLLESTAD,46,Vestland,61.206,5.131733,0.5,Nei,13.7,4,Nordhordaland til Stadt,2021
28,2021,33077,Elveneset,0.14,1.12,0.26,Nei,Ja,4637,HYLLESTAD,46,Vestland,61.206,5.131733,0.5,Nei,15.8,4,Nordhordaland til Stadt,2021
27,2021,33077,Elveneset,0.2,0.59,0.24,Nei,Ja,4637,HYLLESTAD,46,Vestland,61.206,5.131733,0.5,Nei,14.4,4,Nordhordaland til Stadt,2021
26,2021,33077,Elveneset,0.08,0.44,0.02,Nei,Ja,4637,HYLLESTAD,46,Vestland,61.206,5.131733,0.5,Nei,11.8,4,Nordhordaland til Stadt,2021
25,2021,33077,Elveneset,0.01,0.28,0.09,Nei,Ja,4637,HYLLESTAD,46,Vestland,61.206,5.131733,0.5,Nei,13.6,4,Nordhordaland til Stadt,2021
24,2021,33077,Elveneset,0.08,0.15,0.01,Nei,Ja,4637,HYLLESTAD,46,Vestland,61.206,5.131733,0.5,Nei,13.3,4,Nordhordaland til Stadt,2021
23,2021,33077,Elveneset,0.06,0.08,0.0,Nei,Ja,4637,HYLLESTAD,46,Vestland,61.206,5.131733,0.5,Nei,13.5,4,Nordhordaland til Stadt,2021
22,2021,33077,Elveneset,0.05,0.09,0.04,Nei,Ja,4637,HYLLESTAD,46,Vestland,61.206,5.131733,0.5,Nei,12.2,4,Nordhordaland til Stadt,2021
21,2021,33077,Elveneset,0.05,0.11,0.05,Nei,Ja,4637,HYLLESTAD,46,Vestland,61.206,5.131733,0.2,Nei,11.2,4,Nordhordaland til Stadt,2021
20,2021,33077,Elveneset,0.02,0.16,0.0,Nei,Ja,4637,HYLLESTAD,46,Vestland,61.206,5.131733,0.2,Nei,9.7,4,Nordhordaland til Stadt,2021
19,2021,33077,Elveneset,0.09,0.41,0.08,Nei,Ja,4637,HYLLESTAD,46,Vestland,61.206,5.131733,0.2,Nei,9.2,4,Nordhordaland til Stadt,2021
18,2021,33077,Elveneset,0.06,0.49,0.15,Nei,Ja,4637,HYLLESTAD,46,Vestland,61.206,5.131733,0.2,Nei,9.0,4,Nordhordaland til Stadt,2021
17,2021,33077,Elveneset,0.02,0.39,0.06,Nei,Ja,4637,HYLLESTAD,46,Vestland,61.206,5.131733,0.2,Nei,8.6,4,Nordhordaland til Stadt,2021
16,2021,33077,Elveneset,0.0,0.26,0.12,Nei,Ja,4637,HYLLESTAD,46,Vestland,61.206,5.131733,0.2,Nei,7.9,4,Nordhordaland til Stadt,2021
15,2021,33077,Elveneset,0.0,0.44,0.12,Nei,Ja,4637,HYLLESTAD,46,Vestland,61.206,5.131733,0.5,Nei,7.2,4,Nordhordaland til Stadt,2021
14,2021,33077,Elveneset,0.0,0.25,0.2,Nei,Ja,4637,HYLLESTAD,46,Vestland,61.206,5.131733,0.5,Nei,6.5,4,Nordhordaland til Stadt,2021
13,2021,33077,Elveneset,0.0,0.08,0.19,Nei,Ja,4637,HYLLESTAD,46,Vestland,61.206,5.131733,0.5,Nei,6.3,4,Nordhordaland til Stadt,2021
12,2021,33077,Elveneset,0.0,0.01,0.14,Nei,Ja,4637,HYLLESTAD,46,Vestland,61.206,5.131733,0.5,Nei,6.0,4,Nordhordaland til Stadt,2021
11,2021,33077,Elveneset,0.0,0.0,0.15,Nei,Ja,4637,HYLLESTAD,46,Vestland,61.206,5.131733,0.5,Nei,5.6,4,Nordhordaland til Stadt,2021
10,2021,33077,Elveneset,0.0,0.0,0.15,Nei,Ja,4637,HYLLESTAD,46,Vestland,61.206,5.131733,0.5,Nei,5.7,4,Nordhordaland til Stadt,2021
9,2021,33077,Elveneset,0.0,0.0,0.06,Nei,Ja,4637,HYLLESTAD,46,Vestland,61.206,5.131733,0.5,Nei,4.8,4,Nordhordaland til Stadt,2021
8,2021,33077,Elveneset,0.0,0.0,0.0,Nei,Ja,4637,HYLLESTAD,46,Vestland,61.206,5.131733,0.5,Nei,4.6,4,Nordhordaland til Stadt,2021
7,2021,33077,Elveneset,,,,Ja,Nei,4637,HYLLESTAD,46,Vestland,61.206,5.131733,0.5,,,4,Nordhordaland til Stadt,2021
6,2021,33077,Elveneset,,,,Ja,Nei,4637,HYLLESTAD,46,Vestland,61.206,5.131733,0.5,,,4,Nordhordaland til Stadt,2021
5,2021,33077,Elveneset,,,,Ja,Nei,4637,HYLLESTAD,46,Vestland,61.206,5.131733,0.5,,,4,Nordhordaland til Stadt,2021
4,2021,33077,Elveneset,,,,Ja,Nei,4637,HYLLESTAD,46,Vestland,61.206,5.131733,0.5,,,4,Nordhordaland til Stadt,2021
3,2021,33077,Elveneset,,,,Ja,Nei,4637,HYLLESTAD,46,Vestland,61.206,5.131733,0.5,,,4,Nordhordaland til Stadt,2021
2,2021,33077,Elveneset,,,,Ja,Nei,4637,HYLLESTAD,46,Vestland,61.206,5.131733,0.5,,,4,Nordhordaland til Stadt,2021
1,2021,33077,Elveneset,,,,Ja,Nei,4637,HYLLESTAD,46,Vestland,61.206,5.131733,0.5,,,4,Nordhordaland til Stadt,2021
52,2022,33077,Elveneset,,,,Ja,Nei,4637,HYLLESTAD,46,Vestland,61.206,5.131733,0.5,,,4,Nordhordaland til Stadt,2022
51,2022,33077,Elveneset,,,,Ja,Nei,4637,HYLLESTAD,46,Vestland,61.206,5.131733,0.5,,,4,Nordhordaland til Stadt,2022
50,2022,33077,Elveneset,,,,Ja,Nei,4637,HYLLESTAD,46,Vestland,61.206,5.131733,0.5,,,4,Nordhordaland til Stadt,2022
49,2022,33077,Elveneset,,,,Ja,Nei,4637,HYLLESTAD,46,Vestland,61.206,5.131733,0.5,,,4,Nordhordaland til Stadt,2022
48,2022,33077,Elveneset,,,,Ja,Nei,4637,HYLLESTAD,46,Vestland,61.206,5.131733,0.5,,,4,Nordhordaland til Stadt,2022
47,2022,33077,Elveneset,,,,Ja,Nei,4637,HYLLESTAD,46,Vestland,61.206,5.131733,0.5,,,4,Nordhordaland til Stadt,2022
46,2022,33077,Elveneset,,,,Ja,Nei,4637,HYLLESTAD,46,Vestland,61.206,5.131733,0.5,,,4,Nordhordaland til Stadt,2022
45,2022,33077,Elveneset,,,,Ja,Nei,4637,HYLLESTAD,46,Vestland,61.206,5.131733,0.5,,,4,Nordhordaland til Stadt,2022
44,2022,33077,Elveneset,,,,Ja,Nei,4637,HYLLESTAD,46,Vestland,61.206,5.131733,0.5,,,4,Nordhordaland til Stadt,2022
43,2022,33077,Elveneset,,,,Ja,Nei,4637,HYLLESTAD,46,Vestland,61.206,5.131733,0.5,,,4,Nordhordaland til Stadt,2022
42,2022,33077,Elveneset,,,,Ja,Nei,4637,HYLLESTAD,46,Vestland,61.206,5.131733,0.5,,,4,Nordhordaland til Stadt,2022
41,2022,33077,Elveneset,,,,Ja,Nei,4637,HYLLESTAD,46,Vestland,61.206,5.131733,0.5,,,4,Nordhordaland til Stadt,2022
40,2022,33077,Elveneset,,,,Ja,Nei,4637,HYLLESTAD,46,Vestland,61.206,5.131733,0.5,,,4,Nordhordaland til Stadt,2022
39,2022,33077,Elveneset,,,,Ja,Nei,4637,HYLLESTAD,46,Vestland,61.206,5.131733,0.5,,,4,Nordhordaland til Stadt,2022
38,2022,33077,Elveneset,,,,Ja,Nei,4637,HYLLESTAD,46,Vestland,61.206,5.131733,0.5,,,4,Nordhordaland til Stadt,2022
37,2022,33077,Elveneset,,,,Ja,Nei,4637,HYLLESTAD,46,Vestland,61.206,5.131733,0.5,,,4,Nordhordaland til Stadt,2022
36,2022,33077,Elveneset,,,,Ja,Nei,4637,HYLLESTAD,46,Vestland,61.206,5.131733,0.5,,,4,Nordhordaland til Stadt,2022
35,2022,33077,Elveneset,,,,Ja,Nei,4637,HYLLESTAD,46,Vestland,61.206,5.131733,0.5,,,4,Nordhordaland til Stadt,2022
34,2022,33077,Elveneset,,,,Ja,Nei,4637,HYLLESTAD,46,Vestland,61.206,5.131733,0.5,,,4,Nordhordaland til Stadt,2022
33,2022,33077,Elveneset,,,,Ja,Nei,4637,HYLLESTAD,46,Vestland,61.206,5.131733,0.5,,,4,Nordhordaland til Stadt,2022
32,2022,33077,Elveneset,,,,Ja,Nei,4637,HYLLESTAD,46,Vestland,61.206,5.131733,0.5,,,4,Nordhordaland til Stadt,2022
31,2022,33077,Elveneset,,,,Ja,Nei,4637,HYLLESTAD,46,Vestland,61.206,5.131733,0.5,,,4,Nordhordaland til Stadt,2022
30,2022,33077,Elveneset,,,,Ja,Nei,4637,HYLLESTAD,46,Vestland,61.206,5.131733,0.5,,,4,Nordhordaland til Stadt,2022
29,2022,33077,Elveneset,,,,Ja,Nei,4637,HYLLESTAD,46,Vestland,61.206,5.131733,0.5,,,4,Nordhordaland til Stadt,2022
28,2022,33077,Elveneset,,,,Ja,Nei,4637,HYLLESTAD,46,Vestland,61.206,5.131733,0.5,,,4,Nordhordaland til Stadt,2022
27,2022,33077,Elveneset,,,,Ja,Nei,4637,HYLLESTAD,46,Vestland,61.206,5.131733,0.5,,,4,Nordhordaland til Stadt,2022
26,2022,33077,Elveneset,,,,Ja,Nei,4637,HYLLESTAD,46,Vestland,61.206,5.131733,0.5,,,4,Nordhordaland til Stadt,2022
25,2022,33077,Elveneset,0.45,2.3,1.35,Nei,Ja,4637,HYLLESTAD,46,Vestland,61.206,5.131733,0.5,Nei,13.2,4,Nordhordaland til Stadt,2022
24,2022,33077,Elveneset,0.35,2.15,0.7,Nei,Ja,4637,HYLLESTAD,46,Vestland,61.206,5.131733,0.5,Nei,12.0,4,Nordhordaland til Stadt,2022
23,2022,33077,Elveneset,0.08,0.78,0.72,Nei,Ja,4637,HYLLESTAD,46,Vestland,61.206,5.131733,0.5,Nei,9.4,4,Nordhordaland til Stadt,2022
22,2022,33077,Elveneset,0.28,3.7,2.92,Nei,Ja,4637,HYLLESTAD,46,Vestland,61.206,5.131733,0.5,Nei,10.2,4,Nordhordaland til Stadt,2022
21,2022,33077,Elveneset,0.18,3.43,3.14,Nei,Ja,4637,HYLLESTAD,46,Vestland,61.206,5.131733,0.2,Nei,10.8,4,Nordhordaland til Stadt,2022
20,2022,33077,Elveneset,0.18,0.88,0.98,Nei,Ja,4637,HYLLESTAD,46,Vestland,61.206,5.131733,0.2,Nei,10.0,4,Nordhordaland til Stadt,2022
19,2022,33077,Elveneset,0.12,1.1,2.3,Nei,Ja,4637,HYLLESTAD,46,Vestland,61.206,5.131733,0.2,Nei,8.4,4,Nordhordaland til Stadt,2022
18,2022,33077,Elveneset,0.18,1.0,0.53,Nei,Ja,4637,HYLLESTAD,46,Vestland,61.206,5.131733,0.2,Nei,8.2,4,Nordhordaland til Stadt,2022
17,2022,33077,Elveneset,0.17,2.32,0.62,Nei,Ja,4637,HYLLESTAD,46,Vestland,61.206,5.131733,0.2,Nei,8.1,4,Nordhordaland til Stadt,2022
16,2022,33077,Elveneset,0.18,3.03,1.05,Nei,Ja,4637,HYLLESTAD,46,Vestland,61.206,5.131733,0.2,Nei,8.6,4,Nordhordaland til Stadt,2022
15,2022,33077,Elveneset,0.3,2.5,1.43,Nei,Ja,4637,HYLLESTAD,46,Vestland,61.206,5.131733,0.5,Nei,7.4,4,Nordhordaland til Stadt,2022
14,2022,33077,Elveneset,0.33,3.4,0.6,Nei,Ja,4637,HYLLESTAD,46,Vestland,61.206,5.131733,0.5,Nei,6.9,4,Nordhordaland til Stadt,2022
13,2022,33077,Elveneset,0.2,3.17,0.73,Nei,Ja,4637,HYLLESTAD,46,Vestland,61.206,5.131733,0.5,Nei,6.8,4,Nordhordaland til Stadt,2022
12,2022,33077,Elveneset,0.17,2.9,0.67,Nei,Ja,4637,HYLLESTAD,46,Vestland,61.206,5.131733,0.5,Nei,6.4,4,Nordhordaland til Stadt,2022
11,2022,33077,Elveneset,0.27,1.2,1.8,Nei,Ja,4637,HYLLESTAD,46,Vestland,61.206,5.131733,0.5,Nei,6.0,4,Nordhordaland til Stadt,2022
10,2022,33077,Elveneset,0.47,4.2,2.77,Nei,Ja,4637,HYLLESTAD,46,Vestland,61.206,5.131733,0.5,Nei,5.6,4,Nordhordaland til Stadt,2022
9,2022,33077,Elveneset,0.38,2.58,2.17,Nei,Ja,4637,HYLLESTAD,46,Vestland,61.206,5.131733,0.5,Nei,5.8,4,Nordhordaland til Stadt,2022
8,2022,33077,Elveneset,0.3,3.8,3.1,Nei,Ja,4637,HYLLESTAD,46,Vestland,61.206,5.131733,0.5,Nei,5.6,4,Nordhordaland til Stadt,2022
7,2022,33077,Elveneset,0.45,6.78,8.05,Nei,Ja,4637,HYLLESTAD,46,Vestland,61.206,5.131733,0.5,Nei,6.3,4,Nordhordaland til Stadt,2022
6,2022,33077,Elveneset,0.4,6.2,7.48,Nei,Ja,4637,HYLLESTAD,46,Vestland,61.206,5.131733,0.5,Nei,6.6,4,Nordhordaland til Stadt,2022
5,2022,33077,Elveneset,0.43,5.1,6.25,Nei,Ja,4637,HYLLESTAD,46,Vestland,61.206,5.131733,0.5,Nei,6.9,4,Nordhordaland til Stadt,2022
4,2022,33077,Elveneset,0.42,5.28,4.12,Nei,Ja,4637,HYLLESTAD,46,Vestland,61.206,5.131733,0.5,Nei,7.1,4,Nordhordaland til Stadt,2022
3,2022,33077,Elveneset,0.35,3.12,7.58,Nei,Ja,4637,HYLLESTAD,46,Vestland,61.206,5.131733,0.5,Nei,6.8,4,Nordhordaland til Stadt,2022
2,2022,33077,Elveneset,0.25,0.85,2.3,Nei,Ja,4637,HYLLESTAD,46,Vestland,61.206,5.131733,0.5,Nei,7.3,4,Nordhordaland til Stadt,2022
1,2022,33077,Elveneset,0.32,1.23,1.2,Nei,Ja,4637,HYLLESTAD,46,Vestland,61.206,5.131733,0.5,Nei,7.7,4,Nordhordaland til Stadt,2022
52,2023,33077,Elveneset,0.43,2.53,3.88,Nei,Ja,4637,HYLLESTAD,46,Vestland,61.205833,5.131717,0.5,Nei,7.0,4,Nordhordaland til Stadt,2023
51,2023,33077,Elveneset,0.37,3.1,1.8,Nei,Ja,4637,HYLLESTAD,46,Vestland,61.205833,5.131717,0.5,Nei,7.6,4,Nordhordaland til Stadt,2023
50,2023,33077,Elveneset,0.3,1.63,2.58,Nei,Ja,4637,HYLLESTAD,46,Vestland,61.205833,5.131717,0.5,Nei,7.8,4,Nordhordaland til Stadt,2023
49,2023,33077,Elveneset,0.21,0.74,1.3,Nei,Ja,4637,HYLLESTAD,46,Vestland,61.205833,5.131717,0.5,Nei,8.2,4,Nordhordaland til Stadt,2023
48,2023,33077,Elveneset,0.16,0.21,0.38,Nei,Ja,4637,HYLLESTAD,46,Vestland,61.205833,5.131717,0.5,Nei,9.0,4,Nordhordaland til Stadt,2023
47,2023,33077,Elveneset,0.46,3.65,1.61,Nei,Ja,4637,HYLLESTAD,46,Vestland,61.205833,5.131717,0.5,Nei,9.4,4,Nordhordaland til Stadt,2023
46,2023,33077,Elveneset,0.4,7.18,3.7,Nei,Ja,4637,HYLLESTAD,46,Vestland,61.205833,5.131717,0.5,Nei,9.5,4,Nordhordaland til Stadt,2023
45,2023,33077,Elveneset,0.35,5.98,1.98,Nei,Ja,4637,HYLLESTAD,46,Vestland,61.205833,5.131717,0.5,Nei,10.0,4,Nordhordaland til Stadt,2023
44,2023,33077,Elveneset,0.32,1.6,1.28,Nei,Ja,4637,HYLLESTAD,46,Vestland,61.205833,5.131717,0.5,Nei,10.3,4,Nordhordaland til Stadt,2023
43,2023,33077,Elveneset,0.46,4.65,5.08,Nei,Ja,4637,HYLLESTAD,46,Vestland,61.205833,5.131717,0.5,Nei,11.1,4,Nordhordaland til Stadt,2023
42,2023,33077,Elveneset,0.48,7.46,5.64,Nei,Ja,4637,HYLLESTAD,46,Vestland,61.205833,5.131717,0.5,Nei,12.3,4,Nordhordaland til Stadt,2023
41,2023,33077,Elveneset,0.09,0.24,1.84,Nei,Ja,4637,HYLLESTAD,46,Vestland,61.205833,5.131717,0.5,Nei,13.0,4,Nordhordaland til Stadt,2023
40,2023,33077,Elveneset,0.45,4.0,0.77,Nei,Ja,4637,HYLLESTAD,46,Vestland,61.205833,5.131717,0.5,Nei,14.7,4,Nordhordaland til Stadt,2023
39,2023,33077,Elveneset,0.36,3.74,1.34,Nei,Ja,4637,HYLLESTAD,46,Vestland,61.205833,5.131717,0.5,Nei,14.6,4,Nordhordaland til Stadt,2023
38,2023,33077,Elveneset,0.15,1.27,0.9,Nei,Ja,4637,HYLLESTAD,46,Vestland,61.205833,5.131717,0.5,Nei,14.7,4,Nordhordaland til Stadt,2023
37,2023,33077,Elveneset,0.09,0.09,0.19,Nei,Ja,4637,HYLLESTAD,46,Vestland,61.205833,5.131717,0.5,Nei,15.1,4,Nordhordaland til Stadt,2023
36,2023,33077,Elveneset,0.42,2.52,0.66,Nei,Ja,4637,HYLLESTAD,46,Vestland,61.205833,5.131717,0.5,Nei,15.1,4,Nordhordaland til Stadt,2023
35,2023,33077,Elveneset,0.19,1.06,0.6,Nei,Ja,4637,HYLLESTAD,46,Vestland,61.205833,5.131717,0.5,Nei,14.6,4,Nordhordaland til Stadt,2023
34,2023,33077,Elveneset,0.04,0.02,0.02,Nei,Ja,4637,HYLLESTAD,46,Vestland,61.205833,5.131717,0.5,Nei,14.4,4,Nordhordaland til Stadt,2023
33,2023,33077,Elveneset,0.48,1.09,0.21,Nei,Ja,4637,HYLLESTAD,46,Vestland,61.206,5.131733,0.5,Nei,12.7,4,Nordhordaland til Stadt,2023
32,2023,33077,Elveneset,0.36,0.84,0.14,Nei,Ja,4637,HYLLESTAD,46,Vestland,61.206,5.131733,0.5,Nei,12.5,4,Nordhordaland til Stadt,2023
31,2023,33077,Elveneset,0.28,0.79,0.05,Nei,Ja,4637,HYLLESTAD,46,Vestland,61.206,5.131733,0.5,Nei,15.1,4,Nordhordaland til Stadt,2023
30,2023,33077,Elveneset,0.2,0.31,0.05,Nei,Ja,4637,HYLLESTAD,46,Vestland,61.206,5.131733,0.5,Nei,15.4,4,Nordhordaland til Stadt,2023
29,2023,33077,Elveneset,0.2,0.29,0.0,Nei,Ja,4637,HYLLESTAD,46,Vestland,61.206,5.131733,0.5,Nei,15.9,4,Nordhordaland til Stadt,2023
28,2023,33077,Elveneset,0.05,0.14,0.02,Nei,Ja,4637,HYLLESTAD,46,Vestland,61.206,5.131733,0.5,Nei,15.8,4,Nordhordaland til Stadt,2023
27,2023,33077,Elveneset,0.01,0.15,0.04,Nei,Ja,4637,HYLLESTAD,46,Vestland,61.206,5.131733,0.5,Nei,14.6,4,Nordhordaland til Stadt,2023
26,2023,33077,Elveneset,0.0,0.08,0.06,Nei,Ja,4637,HYLLESTAD,46,Vestland,61.206,5.131733,0.5,Nei,14.6,4,Nordhordaland til Stadt,2023
25,2023,33077,Elveneset,0.0,0.05,0.0,Nei,Ja,4637,HYLLESTAD,46,Vestland,61.206,5.131733,0.5,Nei,11.8,4,Nordhordaland til Stadt,2023
24,2023,33077,Elveneset,0.0,0.02,0.02,Nei,Ja,4637,HYLLESTAD,46,Vestland,61.206,5.131733,0.5,Nei,11.2,4,Nordhordaland til Stadt,2023
23,2023,33077,Elveneset,0.0,0.02,0.02,Nei,Ja,4637,HYLLESTAD,46,Vestland,61.206,5.131733,0.5,Nei,9.9,4,Nordhordaland til Stadt,2023
22,2023,33077,Elveneset,0.0,0.05,0.05,Nei,Ja,4637,HYLLESTAD,46,Vestland,61.206,5.131733,0.5,Nei,9.4,4,Nordhordaland til Stadt,2023
21,2023,33077,Elveneset,0.0,0.1,0.15,Nei,Ja,4637,HYLLESTAD,46,Vestland,61.206,5.131733,0.2,Nei,9.1,4,Nordhordaland til Stadt,2023
20,2023,33077,Elveneset,0.0,0.35,0.0,Nei,Ja,4637,HYLLESTAD,46,Vestland,61.206,5.131733,0.2,Nei,8.8,4,Nordhordaland til Stadt,2023
19,2023,33077,Elveneset,0.0,0.05,0.1,Nei,Ja,4637,HYLLESTAD,46,Vestland,61.206,5.131733,0.2,Nei,8.4,4,Nordhordaland til Stadt,2023
18,2023,33077,Elveneset,0.0,0.0,0.2,Nei,Ja,4637,HYLLESTAD,46,Vestland,61.206,5.131733,0.2,Nei,7.5,4,Nordhordaland til Stadt,2023
17,2023,33077,Elveneset,0.0,0.0,0.0,Nei,Ja,4637,HYLLESTAD,46,Vestland,61.206,5.131733,0.2,Nei,7.3,4,Nordhordaland til Stadt,2023
16,2023,33077,Elveneset,,,,Ja,Nei,4637,HYLLESTAD,46,Vestland,61.206,5.131733,0.2,,,4,Nordhordaland til Stadt,2023
15,2023,33077,Elveneset,,,,Ja,Nei,4637,HYLLESTAD,46,Vestland,61.206,5.131733,0.5,,,4,Nordhordaland til Stadt,2023
14,2023,33077,Elveneset,,,,Ja,Nei,4637,HYLLESTAD,46,Vestland,61.206,5.131733,0.5,,,4,Nordhordaland til Stadt,2023
13,2023,33077,Elveneset,,,,Ja,Nei,4637,HYLLESTAD,46,Vestland,61.206,5.131733,0.5,,,4,Nordhordaland til Stadt,2023
12,2023,33077,Elveneset,,,,Ja,Nei,4637,HYLLESTAD,46,Vestland,61.206,5.131733,0.5,,,4,Nordhordaland til Stadt,2023
11,2023,33077,Elveneset,,,,Ja,Nei,4637,HYLLESTAD,46,Vestland,61.206,5.131733,0.5,,,4,Nordhordaland til Stadt,2023
10,2023,33077,Elveneset,,,,Ja,Nei,4637,HYLLESTAD,46,Vestland,61.206,5.131733,0.5,,,4,Nordhordaland til Stadt,2023
9,2023,33077,Elveneset,,,,Ja,Nei,4637,HYLLESTAD,46,Vestland,61.206,5.131733,0.5,,,4,Nordhordaland til Stadt,2023
8,2023,33077,Elveneset,,,,Ja,Nei,4637,HYLLESTAD,46,Vestland,61.206,5.131733,0.5,,,4,Nordhordaland til Stadt,2023
7,2023,33077,Elveneset,,,,Ja,Nei,4637,HYLLESTAD,46,Vestland,61.206,5.131733,0.5,,,4,Nordhordaland til Stadt,2023
6,2023,33077,Elveneset,,,,Ja,Nei,4637,HYLLESTAD,46,Vestland,61.206,5.131733,0.5,,,4,Nordhordaland til Stadt,2023
5,2023,33077,Elveneset,,,,Ja,Nei,4637,HYLLESTAD,46,Vestland,61.206,5.131733,0.5,,,4,Nordhordaland til Stadt,2023
4,2023,33077,Elveneset,,,,Ja,Nei,4637,HYLLESTAD,46,Vestland,61.206,5.131733,0.5,,,4,Nordhordaland til Stadt,2023
3,2023,33077,Elveneset,,,,Ja,Nei,4637,HYLLESTAD,46,Vestland,61.206,5.131733,0.5,,,4,Nordhordaland til Stadt,2023
2,2023,33077,Elveneset,,,,Ja,Nei,4637,HYLLESTAD,46,Vestland,61.206,5.131733,0.5,,,4,Nordhordaland til Stadt,2023
1,2023,33077,Elveneset,,,,Ja,Nei,4637,HYLLESTAD,46,Vestland,61.206,5.131733,0.5,,,4,Nordhordaland til Stadt,2023
52,2024,33077,Elveneset,,,,Ja,Nei,4637,HYLLESTAD,46,Vestland,61.205833,5.131717,0.5,,,4,Nordhordaland til Stadt,2024
51,2024,33077,Elveneset,,,,Ja,Nei,4637,HYLLESTAD,46,Vestland,61.205833,5.131717,0.5,,,4,Nordhordaland til Stadt,2024
50,2024,33077,Elveneset,,,,Ja,Nei,4637,HYLLESTAD,46,Vestland,61.205833,5.131717,0.5,,,4,Nordhordaland til Stadt,2024
49,2024,33077,Elveneset,,,,Ja,Nei,4637,HYLLESTAD,46,Vestland,61.205833,5.131717,0.5,,,4,Nordhordaland til Stadt,2024
48,2024,33077,Elveneset,,,,Ja,Nei,4637,HYLLESTAD,46,Vestland,61.205833,5.131717,0.5,,,4,Nordhordaland til Stadt,2024
47,2024,33077,Elveneset,,,,Ja,Nei,4637,HYLLESTAD,46,Vestland,61.205833,5.131717,0.5,,,4,Nordhordaland til Stadt,2024
46,2024,33077,Elveneset,,,,Ja,Nei,4637,HYLLESTAD,46,Vestland,61.205833,5.131717,0.5,,,4,Nordhordaland til Stadt,2024
45,2024,33077,Elveneset,,,,Ja,Nei,4637,HYLLESTAD,46,Vestland,61.205833,5.131717,0.5,,,4,Nordhordaland til Stadt,2024
44,2024,33077,Elveneset,,,,Ja,Nei,4637,HYLLESTAD,46,Vestland,61.205833,5.131717,0.5,,,4,Nordhordaland til Stadt,2024
43,2024,33077,Elveneset,,,,Ja,Nei,4637,HYLLESTAD,46,Vestland,61.205833,5.131717,0.5,,,4,Nordhordaland til Stadt,2024
42,2024,33077,Elveneset,,,,Ja,Nei,4637,HYLLESTAD,46,Vestland,61.205833,5.131717,0.5,,,4,Nordhordaland til Stadt,2024
41,2024,33077,Elveneset,,,,Ja,Nei,4637,HYLLESTAD,46,Vestland,61.205833,5.131717,0.5,,,4,Nordhordaland til Stadt,2024
40,2024,33077,Elveneset,,,,Ja,Nei,4637,HYLLESTAD,46,Vestland,61.205833,5.131717,0.5,,,4,Nordhordaland til Stadt,2024
39,2024,33077,Elveneset,,,,Ja,Nei,4637,HYLLESTAD,46,Vestland,61.205833,5.131717,0.5,,,4,Nordhordaland til Stadt,2024
38,2024,33077,Elveneset,,,,Ja,Nei,4637,HYLLESTAD,46,Vestland,61.205833,5.131717,0.5,,,4,Nordhordaland til Stadt,2024
37,2024,33077,Elveneset,,,,Ja,Nei,4637,HYLLESTAD,46,Vestland,61.205833,5.131717,0.5,,,4,Nordhordaland til Stadt,2024
36,2024,33077,Elveneset,,,,Ja,Nei,4637,HYLLESTAD,46,Vestland,61.205833,5.131717,0.5,,,4,Nordhordaland til Stadt,2024
35,2024,33077,Elveneset,,,,Ja,Nei,4637,HYLLESTAD,46,Vestland,61.205833,5.131717,0.5,,,4,Nordhordaland til Stadt,2024
34,2024,33077,Elveneset,,,,Ja,Nei,4637,HYLLESTAD,46,Vestland,61.205833,5.131717,0.5,,,4,Nordhordaland til Stadt,2024
33,2024,33077,Elveneset,,,,Ja,Nei,4637,HYLLESTAD,46,Vestland,61.205833,5.131717,0.5,,,4,Nordhordaland til Stadt,2024
32,2024,33077,Elveneset,0.3,0.7,0.1,Nei,Ja,4637,HYLLESTAD,46,Vestland,61.205833,5.131717,0.5,Nei,17.2,4,Nordhordaland til Stadt,2024
31,2024,33077,Elveneset,0.45,0.9,0.2,Nei,Ja,4637,HYLLESTAD,46,Vestland,61.205833,5.131717,0.5,Nei,15.22,4,Nordhordaland til Stadt,2024
30,2024,33077,Elveneset,0.43,0.55,0.15,Nei,Ja,4637,HYLLESTAD,46,Vestland,61.205833,5.131717,0.5,Nei,14.73,4,Nordhordaland til Stadt,2024
29,2024,33077,Elveneset,0.22,0.38,0.03,Nei,Ja,4637,HYLLESTAD,46,Vestland,61.205833,5.131717,0.5,Nei,13.12,4,Nordhordaland til Stadt,2024
28,2024,33077,Elveneset,0.12,0.5,0.0,Nei,Ja,4637,HYLLESTAD,46,Vestland,61.205833,5.131717,0.5,Nei,13.22,4,Nordhordaland til Stadt,2024
27,2024,33077,Elveneset,0.35,0.28,0.05,Nei,Ja,4637,HYLLESTAD,46,Vestland,61.205833,5.131717,0.5,Nei,13.97,4,Nordhordaland til Stadt,2024
26,2024,33077,Elveneset,0.35,0.28,0.05,Nei,Ja,4637,HYLLESTAD,46,Vestland,61.205833,5.131717,0.5,Nei,12.81,4,Nordhordaland til Stadt,2024
25,2024,33077,Elveneset,0.4,0.2,0.0,Nei,Ja,4637,HYLLESTAD,46,Vestland,61.205833,5.131717,0.5,Nei,11.72,4,Nordhordaland til Stadt,2024
24,2024,33077,Elveneset,0.45,0.77,0.03,Nei,Ja,4637,HYLLESTAD,46,Vestland,61.205833,5.131717,0.5,Nei,11.44,4,Nordhordaland til Stadt,2024
23,2024,33077,Elveneset,0.27,0.4,0.0,Nei,Ja,4637,HYLLESTAD,46,Vestland,61.205833,5.131717,0.5,Nei,12.47,4,Nordhordaland til Stadt,2024
22,2024,33077,Elveneset,0.28,0.54,0.01,Nei,Ja,4637,HYLLESTAD,46,Vestland,61.205833,5.131717,0.5,Nei,14.57,4,Nordhordaland til Stadt,2024
21,2024,33077,Elveneset,0.17,0.61,0.04,Nei,Ja,4637,HYLLESTAD,46,Vestland,61.205833,5.131717,0.2,Nei,12.13,4,Nordhordaland til Stadt,2024
20,2024,33077,Elveneset,0.06,0.36,0.08,Nei,Ja,4637,HYLLESTAD,46,Vestland,61.205833,5.131717,0.2,Nei,10.76,4,Nordhordaland til Stadt,2024
19,2024,33077,Elveneset,0.03,0.21,0.4,Nei,Ja,4637,HYLLESTAD,46,Vestland,61.205833,5.131717,0.2,Nei,9.26,4,Nordhordaland til Stadt,2024
18,2024,33077,Elveneset,0.01,0.05,0.36,Nei,Ja,4637,HYLLESTAD,46,Vestland,61.205833,5.131717,0.2,Nei,7.77,4,Nordhordaland til Stadt,2024
17,2024,33077,Elveneset,0.01,0.04,0.09,Nei,Ja,4637,HYLLESTAD,46,Vestland,61.205833,5.131717,0.2,Nei,6.4,4,Nordhordaland til Stadt,2024
16,2024,33077,Elveneset,0.16,0.21,0.09,Nei,Ja,4637,HYLLESTAD,46,Vestland,61.205833,5.131717,0.2,Nei,6.13,4,Nordhordaland til Stadt,2024
15,2024,33077,Elveneset,0.19,0.39,0.14,Nei,Ja,4637,HYLLESTAD,46,Vestland,61.205833,5.131717,0.5,Nei,5.84,4,Nordhordaland til Stadt,2024
14,2024,33077,Elveneset,0.11,0.43,0.06,Nei,Ja,4637,HYLLESTAD,46,Vestland,61.205833,5.131717,0.5,Nei,5.71,4,Nordhordaland til Stadt,2024
13,2024,33077,Elveneset,0.08,0.54,0.0,Nei,Ja,4637,HYLLESTAD,46,Vestland,61.205833,5.131717,0.5,Nei,5.33,4,Nordhordaland til Stadt,2024
12,2024,33077,Elveneset,0.1,0.45,0.2,Nei,Ja,4637,HYLLESTAD,46,Vestland,61.205833,5.131717,0.5,Nei,5.18,4,Nordhordaland til Stadt,2024
11,2024,33077,Elveneset,0.06,0.24,0.08,Nei,Ja,4637,HYLLESTAD,46,Vestland,61.205833,5.131717,0.5,Nei,5.15,4,Nordhordaland til Stadt,2024
10,2024,33077,Elveneset,0.09,0.25,0.26,Nei,Ja,4637,HYLLESTAD,46,Vestland,61.205833,5.131717,0.5,Nei,5.04,4,Nordhordaland til Stadt,2024
9,2024,33077,Elveneset,0.06,0.05,0.03,Nei,Ja,4637,HYLLESTAD,46,Vestland,61.205833,5.131717,0.5,Nei,5.14,4,Nordhordaland til Stadt,2024
8,2024,33077,Elveneset,0.46,2.89,0.14,Nei,Ja,4637,HYLLESTAD,46,Vestland,61.205833,5.131717,0.5,Nei,5.08,4,Nordhordaland til Stadt,2024
7,2024,33077,Elveneset,0.32,2.91,0.29,Nei,Ja,4637,HYLLESTAD,46,Vestland,61.205833,5.131717,0.5,Nei,5.21,4,Nordhordaland til Stadt,2024
6,2024,33077,Elveneset,0.25,0.57,0.57,Nei,Ja,4637,HYLLESTAD,46,Vestland,61.205833,5.131717,0.5,Nei,5.44,4,Nordhordaland til Stadt,2024
5,2024,33077,Elveneset,0.26,1.88,0.14,Nei,Ja,4637,HYLLESTAD,46,Vestland,61.205833,5.131717,0.5,Nei,5.88,4,Nordhordaland til Stadt,2024
4,2024,33077,Elveneset,0.26,1.3,0.3,Nei,Ja,4637,HYLLESTAD,46,Vestland,61.205833,5.131717,0.5,Nei,6.01,4,Nordhordaland til Stadt,2024
3,2024,33077,Elveneset,0.24,0.52,0.79,Nei,Ja,4637,HYLLESTAD,46,Vestland,61.205833,5.131717,0.5,Nei,5.95,4,Nordhordaland til Stadt,2024
2,2024,33077,Elveneset,0.1,0.19,0.16,Nei,Ja,4637,HYLLESTAD,46,Vestland,61.205833,5.131717,0.5,Nei,6.0,4,Nordhordaland til Stadt,2024
1,2024,33077,Elveneset,0.47,3.17,4.12,Nei,Ja,4637,HYLLESTAD,46,Vestland,61.205833,5.131717,0.5,Nei,6.65,4,Nordhordaland til Stadt,2024
